14,33,47S+PTS2xS5PuKRgK/RA/h7dEcI=,NK6zncQf9eQz8FpK8a0/FSEOvVM=
13,33,47S+PTS2xS5PuKRgK/RA/h7dEcI=,JvPu01AHDYHKoEKMzNMKGI6ZBi8=
13,34,47S+PTS2xS5PuKRgK/RA/h7dEcI=,Nk7TFRCAoNsKm811dp4RBccYGuk=
14,34,47S+PTS2xS5PuKRgK/RA/h7dEcI=,NBMmD4vnXaboT6Yr91vygWKlr8U=
14,39,FehujJIwvQ+xWQ1puQwXFoqWnxg=,xHHZs7TOveT9KrBQvxt5tH2B8Yo=
13,39,FehujJIwvQ+xWQ1puQwXFoqWnxg=,V62YAoG0iCBkkccosULo377ZVe4=
13,38,FehujJIwvQ+xWQ1puQwXFoqWnxg=,V62YAoG0iCBkkccosULo377ZVe4=
14,38,FehujJIwvQ+xWQ1puQwXFoqWnxg=,xHHZs7TOveT9KrBQvxt5tH2B8Yo=
13,36,FehujJIwvQ+xWQ1puQwXFoqWnxg=,vvVDrnDOq3Zro9eO/47QhvnyGuo=
14,35,FehujJIwvQ+xWQ1puQwXFoqWnxg=,NBMmD4vnXaboT6Yr91vygWKlr8U=
13,35,FehujJIwvQ+xWQ1puQwXFoqWnxg=,Nk7TFRCAoNsKm811dp4RBccYGuk=
13,37,FehujJIwvQ+xWQ1puQwXFoqWnxg=,vvVDrnDOq3Zro9eO/47QhvnyGuo=
14,37,FehujJIwvQ+xWQ1puQwXFoqWnxg=,1VomPp82ZmQ0uzFbxA0SPUydmgs=
14,36,FehujJIwvQ+xWQ1puQwXFoqWnxg=,1VomPp82ZmQ0uzFbxA0SPUydmgs=
11,36,FehujJIwvQ+xWQ1puQwXFoqWnxg=,XlgH0ddrVd+43IvL6gEO8FRLIkM=
12,36,FehujJIwvQ+xWQ1puQwXFoqWnxg=,vvVDrnDOq3Zro9eO/47QhvnyGuo=
11,35,FehujJIwvQ+xWQ1puQwXFoqWnxg=,pSt+U8zJmR+kCazDJA7eHjRThmE=
12,35,FehujJIwvQ+xWQ1puQwXFoqWnxg=,Nk7TFRCAoNsKm811dp4RBccYGuk=
11,34,FehujJIwvQ+xWQ1puQwXFoqWnxg=,pSt+U8zJmR+kCazDJA7eHjRThmE=
12,33,FehujJIwvQ+xWQ1puQwXFoqWnxg=,JvPu01AHDYHKoEKMzNMKGI6ZBi8=
11,33,FehujJIwvQ+xWQ1puQwXFoqWnxg=,hGi1Ro+EyI03Jw4ZXEY7fC++GoE=
12,34,FehujJIwvQ+xWQ1puQwXFoqWnxg=,Nk7TFRCAoNsKm811dp4RBccYGuk=
10,36,eyXi2KT5na4liKZcKGrg2GYN6Jw=,XlgH0ddrVd+43IvL6gEO8FRLIkM=
10,35,eyXi2KT5na4liKZcKGrg2GYN6Jw=,pSt+U8zJmR+kCazDJA7eHjRThmE=
9,36,eyXi2KT5na4liKZcKGrg2GYN6Jw=,+nEGGKHKN3bjQKrOW+5irOG4Mps=
9,35,eyXi2KT5na4liKZcKGrg2GYN6Jw=,lwLSw2TFzZxzvEb7cygdsKKRzLE=
10,34,eyXi2KT5na4liKZcKGrg2GYN6Jw=,pSt+U8zJmR+kCazDJA7eHjRThmE=
9,34,eyXi2KT5na4liKZcKGrg2GYN6Jw=,lwLSw2TFzZxzvEb7cygdsKKRzLE=
9,33,eyXi2KT5na4liKZcKGrg2GYN6Jw=,X9xvxyDPrpNt6UXrG5O7cfERuJw=
10,33,eyXi2KT5na4liKZcKGrg2GYN6Jw=,hGi1Ro+EyI03Jw4ZXEY7fC++GoE=
8,36,eyXi2KT5na4liKZcKGrg2GYN6Jw=,+nEGGKHKN3bjQKrOW+5irOG4Mps=
8,35,eyXi2KT5na4liKZcKGrg2GYN6Jw=,lwLSw2TFzZxzvEb7cygdsKKRzLE=
7,36,eyXi2KT5na4liKZcKGrg2GYN6Jw=,tquh07O9VPHOIOpGzeM+v8rVq4o=
7,35,eyXi2KT5na4liKZcKGrg2GYN6Jw=,zRM/Q5CEeipCigEPmJRs08p8MAk=
7,33,eyXi2KT5na4liKZcKGrg2GYN6Jw=,aWNVewlsUW5rUMab1MN8EXusaqs=
7,34,eyXi2KT5na4liKZcKGrg2GYN6Jw=,zRM/Q5CEeipCigEPmJRs08p8MAk=
8,34,eyXi2KT5na4liKZcKGrg2GYN6Jw=,lwLSw2TFzZxzvEb7cygdsKKRzLE=
8,33,eyXi2KT5na4liKZcKGrg2GYN6Jw=,X9xvxyDPrpNt6UXrG5O7cfERuJw=
5,36,aJYW0Bdc8Ekx2vgA7H3m3GX3d+w=,CONWB1OV0Sy8OLas0knIERpEWlM=
6,36,aJYW0Bdc8Ekx2vgA7H3m3GX3d+w=,tquh07O9VPHOIOpGzeM+v8rVq4o=
6,35,aJYW0Bdc8Ekx2vgA7H3m3GX3d+w=,zRM/Q5CEeipCigEPmJRs08p8MAk=
5,35,aJYW0Bdc8Ekx2vgA7H3m3GX3d+w=,ahKTjMsJ+UquoZWBkIzJ6Or+OVg=
5,34,aJYW0Bdc8Ekx2vgA7H3m3GX3d+w=,ahKTjMsJ+UquoZWBkIzJ6Or+OVg=
5,33,aJYW0Bdc8Ekx2vgA7H3m3GX3d+w=,d6Pli3ugfR9kKKBTNcJ1+DPMOsI=
6,34,aJYW0Bdc8Ekx2vgA7H3m3GX3d+w=,zRM/Q5CEeipCigEPmJRs08p8MAk=
6,33,aJYW0Bdc8Ekx2vgA7H3m3GX3d+w=,aWNVewlsUW5rUMab1MN8EXusaqs=
4,36,aJYW0Bdc8Ekx2vgA7H3m3GX3d+w=,CONWB1OV0Sy8OLas0knIERpEWlM=
3,35,aJYW0Bdc8Ekx2vgA7H3m3GX3d+w=,kG9Xr3dhoSXigcggSkPTfKOe2s8=
3,36,aJYW0Bdc8Ekx2vgA7H3m3GX3d+w=,JLrjDYATwKb4NG5jb6Oq6V7Va14=
4,35,aJYW0Bdc8Ekx2vgA7H3m3GX3d+w=,ahKTjMsJ+UquoZWBkIzJ6Or+OVg=
4,33,aJYW0Bdc8Ekx2vgA7H3m3GX3d+w=,d6Pli3ugfR9kKKBTNcJ1+DPMOsI=
3,34,aJYW0Bdc8Ekx2vgA7H3m3GX3d+w=,kG9Xr3dhoSXigcggSkPTfKOe2s8=
3,33,aJYW0Bdc8Ekx2vgA7H3m3GX3d+w=,g6qPSjGiv1paXccfKNu7CSiBGX8=
4,34,aJYW0Bdc8Ekx2vgA7H3m3GX3d+w=,ahKTjMsJ+UquoZWBkIzJ6Or+OVg=
2,39,8tDFJE9JorZ+qlQNetGdX3TGiyI=,4gBiNNXyttD5uXYAIT92JImr7vw=
1,39,8tDFJE9JorZ+qlQNetGdX3TGiyI=,0gooYeU2T/SIL/emZv4mHT2vyuw=
2,37,8tDFJE9JorZ+qlQNetGdX3TGiyI=,JLrjDYATwKb4NG5jb6Oq6V7Va14=
1,38,8tDFJE9JorZ+qlQNetGdX3TGiyI=,0gooYeU2T/SIL/emZv4mHT2vyuw=
2,36,8tDFJE9JorZ+qlQNetGdX3TGiyI=,JLrjDYATwKb4NG5jb6Oq6V7Va14=
1,37,8tDFJE9JorZ+qlQNetGdX3TGiyI=,nf3IJI3wO5XGBOjgsW5+TryAg8E=
1,36,8tDFJE9JorZ+qlQNetGdX3TGiyI=,nf3IJI3wO5XGBOjgsW5+TryAg8E=
2,38,8tDFJE9JorZ+qlQNetGdX3TGiyI=,4gBiNNXyttD5uXYAIT92JImr7vw=
2,35,8tDFJE9JorZ+qlQNetGdX3TGiyI=,kG9Xr3dhoSXigcggSkPTfKOe2s8=
1,35,8tDFJE9JorZ+qlQNetGdX3TGiyI=,xxfnNLMlPGRSdUAC3M6G1IXbrmw=
1,33,8tDFJE9JorZ+qlQNetGdX3TGiyI=,qtGxgCZ6zla+UpWU0e+5ginL8aE=
2,34,8tDFJE9JorZ+qlQNetGdX3TGiyI=,kG9Xr3dhoSXigcggSkPTfKOe2s8=
1,34,8tDFJE9JorZ+qlQNetGdX3TGiyI=,xxfnNLMlPGRSdUAC3M6G1IXbrmw=
2,33,8tDFJE9JorZ+qlQNetGdX3TGiyI=,g6qPSjGiv1paXccfKNu7CSiBGX8=
3,39,8tDFJE9JorZ+qlQNetGdX3TGiyI=,4gBiNNXyttD5uXYAIT92JImr7vw=
4,38,8tDFJE9JorZ+qlQNetGdX3TGiyI=,w1UWGZp785LZDZDAH0pw3reEkN0=
4,37,8tDFJE9JorZ+qlQNetGdX3TGiyI=,CONWB1OV0Sy8OLas0knIERpEWlM=
4,39,8tDFJE9JorZ+qlQNetGdX3TGiyI=,w1UWGZp785LZDZDAH0pw3reEkN0=
3,37,8tDFJE9JorZ+qlQNetGdX3TGiyI=,JLrjDYATwKb4NG5jb6Oq6V7Va14=
3,38,8tDFJE9JorZ+qlQNetGdX3TGiyI=,4gBiNNXyttD5uXYAIT92JImr7vw=
6,39,8tDFJE9JorZ+qlQNetGdX3TGiyI=,BZ0++mo6p7OAzvj2kpoK+S0JLwE=
5,38,8tDFJE9JorZ+qlQNetGdX3TGiyI=,w1UWGZp785LZDZDAH0pw3reEkN0=
5,37,8tDFJE9JorZ+qlQNetGdX3TGiyI=,CONWB1OV0Sy8OLas0knIERpEWlM=
6,38,8tDFJE9JorZ+qlQNetGdX3TGiyI=,BZ0++mo6p7OAzvj2kpoK+S0JLwE=
6,37,8tDFJE9JorZ+qlQNetGdX3TGiyI=,tquh07O9VPHOIOpGzeM+v8rVq4o=
5,39,8tDFJE9JorZ+qlQNetGdX3TGiyI=,w1UWGZp785LZDZDAH0pw3reEkN0=
15,33,8tDFJE9JorZ+qlQNetGdX3TGiyI=,NK6zncQf9eQz8FpK8a0/FSEOvVM=
15,34,8tDFJE9JorZ+qlQNetGdX3TGiyI=,NBMmD4vnXaboT6Yr91vygWKlr8U=
15,35,8tDFJE9JorZ+qlQNetGdX3TGiyI=,NBMmD4vnXaboT6Yr91vygWKlr8U=
15,38,8tDFJE9JorZ+qlQNetGdX3TGiyI=,xHHZs7TOveT9KrBQvxt5tH2B8Yo=
15,37,8tDFJE9JorZ+qlQNetGdX3TGiyI=,1VomPp82ZmQ0uzFbxA0SPUydmgs=
15,39,8tDFJE9JorZ+qlQNetGdX3TGiyI=,xHHZs7TOveT9KrBQvxt5tH2B8Yo=
15,36,8tDFJE9JorZ+qlQNetGdX3TGiyI=,1VomPp82ZmQ0uzFbxA0SPUydmgs=
8,39,8tDFJE9JorZ+qlQNetGdX3TGiyI=,0tTi3umCTRP6IQDxDAg9kyAZqaw=
8,37,8tDFJE9JorZ+qlQNetGdX3TGiyI=,+nEGGKHKN3bjQKrOW+5irOG4Mps=
7,39,8tDFJE9JorZ+qlQNetGdX3TGiyI=,BZ0++mo6p7OAzvj2kpoK+S0JLwE=
7,37,8tDFJE9JorZ+qlQNetGdX3TGiyI=,tquh07O9VPHOIOpGzeM+v8rVq4o=
8,38,8tDFJE9JorZ+qlQNetGdX3TGiyI=,0tTi3umCTRP6IQDxDAg9kyAZqaw=
7,38,8tDFJE9JorZ+qlQNetGdX3TGiyI=,BZ0++mo6p7OAzvj2kpoK+S0JLwE=
0,34,8tDFJE9JorZ+qlQNetGdX3TGiyI=,xxfnNLMlPGRSdUAC3M6G1IXbrmw=
0,33,8tDFJE9JorZ+qlQNetGdX3TGiyI=,qtGxgCZ6zla+UpWU0e+5ginL8aE=
0,39,8tDFJE9JorZ+qlQNetGdX3TGiyI=,0gooYeU2T/SIL/emZv4mHT2vyuw=
0,36,8tDFJE9JorZ+qlQNetGdX3TGiyI=,nf3IJI3wO5XGBOjgsW5+TryAg8E=
0,35,8tDFJE9JorZ+qlQNetGdX3TGiyI=,xxfnNLMlPGRSdUAC3M6G1IXbrmw=
0,38,8tDFJE9JorZ+qlQNetGdX3TGiyI=,0gooYeU2T/SIL/emZv4mHT2vyuw=
0,37,8tDFJE9JorZ+qlQNetGdX3TGiyI=,nf3IJI3wO5XGBOjgsW5+TryAg8E=
14,32,8tDFJE9JorZ+qlQNetGdX3TGiyI=,NK6zncQf9eQz8FpK8a0/FSEOvVM=
13,32,8tDFJE9JorZ+qlQNetGdX3TGiyI=,JvPu01AHDYHKoEKMzNMKGI6ZBi8=
11,32,8tDFJE9JorZ+qlQNetGdX3TGiyI=,hGi1Ro+EyI03Jw4ZXEY7fC++GoE=
12,32,8tDFJE9JorZ+qlQNetGdX3TGiyI=,JvPu01AHDYHKoEKMzNMKGI6ZBi8=
10,32,8tDFJE9JorZ+qlQNetGdX3TGiyI=,hGi1Ro+EyI03Jw4ZXEY7fC++GoE=
9,32,8tDFJE9JorZ+qlQNetGdX3TGiyI=,X9xvxyDPrpNt6UXrG5O7cfERuJw=
5,32,8tDFJE9JorZ+qlQNetGdX3TGiyI=,d6Pli3ugfR9kKKBTNcJ1+DPMOsI=
6,32,8tDFJE9JorZ+qlQNetGdX3TGiyI=,aWNVewlsUW5rUMab1MN8EXusaqs=
4,32,8tDFJE9JorZ+qlQNetGdX3TGiyI=,d6Pli3ugfR9kKKBTNcJ1+DPMOsI=
7,32,8tDFJE9JorZ+qlQNetGdX3TGiyI=,aWNVewlsUW5rUMab1MN8EXusaqs=
3,32,8tDFJE9JorZ+qlQNetGdX3TGiyI=,g6qPSjGiv1paXccfKNu7CSiBGX8=
15,32,8tDFJE9JorZ+qlQNetGdX3TGiyI=,NK6zncQf9eQz8FpK8a0/FSEOvVM=
2,32,8tDFJE9JorZ+qlQNetGdX3TGiyI=,g6qPSjGiv1paXccfKNu7CSiBGX8=
1,32,8tDFJE9JorZ+qlQNetGdX3TGiyI=,qtGxgCZ6zla+UpWU0e+5ginL8aE=
0,32,8tDFJE9JorZ+qlQNetGdX3TGiyI=,qtGxgCZ6zla+UpWU0e+5ginL8aE=
11,39,8tDFJE9JorZ+qlQNetGdX3TGiyI=,Oz0hMa1shO6R9d0Vq/CGvnbjp9g=
9,37,8tDFJE9JorZ+qlQNetGdX3TGiyI=,+nEGGKHKN3bjQKrOW+5irOG4Mps=
10,39,8tDFJE9JorZ+qlQNetGdX3TGiyI=,Oz0hMa1shO6R9d0Vq/CGvnbjp9g=
8,32,8tDFJE9JorZ+qlQNetGdX3TGiyI=,X9xvxyDPrpNt6UXrG5O7cfERuJw=
11,38,8tDFJE9JorZ+qlQNetGdX3TGiyI=,Oz0hMa1shO6R9d0Vq/CGvnbjp9g=
9,38,8tDFJE9JorZ+qlQNetGdX3TGiyI=,0tTi3umCTRP6IQDxDAg9kyAZqaw=
11,37,8tDFJE9JorZ+qlQNetGdX3TGiyI=,XlgH0ddrVd+43IvL6gEO8FRLIkM=
12,39,8tDFJE9JorZ+qlQNetGdX3TGiyI=,V62YAoG0iCBkkccosULo377ZVe4=
12,38,8tDFJE9JorZ+qlQNetGdX3TGiyI=,V62YAoG0iCBkkccosULo377ZVe4=
10,38,8tDFJE9JorZ+qlQNetGdX3TGiyI=,Oz0hMa1shO6R9d0Vq/CGvnbjp9g=
9,39,8tDFJE9JorZ+qlQNetGdX3TGiyI=,0tTi3umCTRP6IQDxDAg9kyAZqaw=
10,37,8tDFJE9JorZ+qlQNetGdX3TGiyI=,XlgH0ddrVd+43IvL6gEO8FRLIkM=
12,37,8tDFJE9JorZ+qlQNetGdX3TGiyI=,vvVDrnDOq3Zro9eO/47QhvnyGuo=
30,36,sOuI1ewkGcOHTOrhH25pSoattDw=,O7Y6qdVNHQ9O460vtfej1TI6kT4=
30,35,sOuI1ewkGcOHTOrhH25pSoattDw=,mgYz9TpW0oMEucudtzRAeu/ep10=
29,36,sOuI1ewkGcOHTOrhH25pSoattDw=,4eonZHlAZx+DsDZo/f3FF/BCZCs=
29,35,sOuI1ewkGcOHTOrhH25pSoattDw=,HGDLTEKuxhdeML/9h2mBt41dmqQ=
27,35,sOuI1ewkGcOHTOrhH25pSoattDw=,EKnZTSK/uk8rD2qEaCU1LUP9hmI=
28,36,sOuI1ewkGcOHTOrhH25pSoattDw=,4eonZHlAZx+DsDZo/f3FF/BCZCs=
28,35,sOuI1ewkGcOHTOrhH25pSoattDw=,HGDLTEKuxhdeML/9h2mBt41dmqQ=
27,36,sOuI1ewkGcOHTOrhH25pSoattDw=,CCMOHtt6lsVeHa4OD9V/c4RCmsE=
27,33,haMkV2sa3PyTxiM5B2j4tHAqRhc=,m0h8B/E6QF7+eC4aRQd0Vy0uMlc=
28,34,haMkV2sa3PyTxiM5B2j4tHAqRhc=,HGDLTEKuxhdeML/9h2mBt41dmqQ=
27,34,haMkV2sa3PyTxiM5B2j4tHAqRhc=,EKnZTSK/uk8rD2qEaCU1LUP9hmI=
28,33,haMkV2sa3PyTxiM5B2j4tHAqRhc=,kexWUd7Hqmn+h85A5lz/5gMI+TQ=
25,35,haMkV2sa3PyTxiM5B2j4tHAqRhc=,SCwhBttPa/sg04VPrbhS8kzO1CM=
26,36,haMkV2sa3PyTxiM5B2j4tHAqRhc=,CCMOHtt6lsVeHa4OD9V/c4RCmsE=
25,36,haMkV2sa3PyTxiM5B2j4tHAqRhc=,1BlQnYt0vObDUXS+P6OX+PoVqbg=
26,35,haMkV2sa3PyTxiM5B2j4tHAqRhc=,EKnZTSK/uk8rD2qEaCU1LUP9hmI=
25,33,haMkV2sa3PyTxiM5B2j4tHAqRhc=,GUHDuQa7Jjw1OmQ7QtloAbEA58M=
26,34,haMkV2sa3PyTxiM5B2j4tHAqRhc=,EKnZTSK/uk8rD2qEaCU1LUP9hmI=
25,34,haMkV2sa3PyTxiM5B2j4tHAqRhc=,SCwhBttPa/sg04VPrbhS8kzO1CM=
26,33,haMkV2sa3PyTxiM5B2j4tHAqRhc=,m0h8B/E6QF7+eC4aRQd0Vy0uMlc=
23,35,haMkV2sa3PyTxiM5B2j4tHAqRhc=,DY+mr4FNSm/QeWtfYY2j/S/j+yw=
24,35,haMkV2sa3PyTxiM5B2j4tHAqRhc=,SCwhBttPa/sg04VPrbhS8kzO1CM=
24,36,haMkV2sa3PyTxiM5B2j4tHAqRhc=,1BlQnYt0vObDUXS+P6OX+PoVqbg=
23,36,haMkV2sa3PyTxiM5B2j4tHAqRhc=,/D8BUwx+msIiqdYiRFQk9Uod45U=
23,33,haMkV2sa3PyTxiM5B2j4tHAqRhc=,Ga66uYq+gcfyNOuJPt8NdtNHG6c=
24,33,haMkV2sa3PyTxiM5B2j4tHAqRhc=,GUHDuQa7Jjw1OmQ7QtloAbEA58M=
24,34,haMkV2sa3PyTxiM5B2j4tHAqRhc=,SCwhBttPa/sg04VPrbhS8kzO1CM=
23,34,haMkV2sa3PyTxiM5B2j4tHAqRhc=,DY+mr4FNSm/QeWtfYY2j/S/j+yw=
22,36,haMkV2sa3PyTxiM5B2j4tHAqRhc=,/D8BUwx+msIiqdYiRFQk9Uod45U=
22,35,haMkV2sa3PyTxiM5B2j4tHAqRhc=,DY+mr4FNSm/QeWtfYY2j/S/j+yw=
21,36,haMkV2sa3PyTxiM5B2j4tHAqRhc=,hdEhlepI8y6Q88u4kEtsAJxVZ4U=
21,35,haMkV2sa3PyTxiM5B2j4tHAqRhc=,RzQ0DPVb/e1lZOrJoB0OH2nukJc=
21,33,haMkV2sa3PyTxiM5B2j4tHAqRhc=,jXWXYwfEkxqn5jEkfuusQ+Wajg0=
22,34,haMkV2sa3PyTxiM5B2j4tHAqRhc=,DY+mr4FNSm/QeWtfYY2j/S/j+yw=
21,34,haMkV2sa3PyTxiM5B2j4tHAqRhc=,RzQ0DPVb/e1lZOrJoB0OH2nukJc=
22,33,haMkV2sa3PyTxiM5B2j4tHAqRhc=,Ga66uYq+gcfyNOuJPt8NdtNHG6c=
19,35,uID0rKLEutWlzT5r7sLnOuvW08Y=,7dj6X1lVkBLy248TGJXQTXl23YU=
19,36,uID0rKLEutWlzT5r7sLnOuvW08Y=,mVb0OmjiMvfmvyni//KOvUXx3n4=
20,36,uID0rKLEutWlzT5r7sLnOuvW08Y=,hdEhlepI8y6Q88u4kEtsAJxVZ4U=
20,35,uID0rKLEutWlzT5r7sLnOuvW08Y=,RzQ0DPVb/e1lZOrJoB0OH2nukJc=
19,33,uID0rKLEutWlzT5r7sLnOuvW08Y=,aer1pvYz8Pj2VbzUPw/21qZaSNk=
20,33,uID0rKLEutWlzT5r7sLnOuvW08Y=,jXWXYwfEkxqn5jEkfuusQ+Wajg0=
19,34,uID0rKLEutWlzT5r7sLnOuvW08Y=,7dj6X1lVkBLy248TGJXQTXl23YU=
20,34,uID0rKLEutWlzT5r7sLnOuvW08Y=,RzQ0DPVb/e1lZOrJoB0OH2nukJc=
17,35,uID0rKLEutWlzT5r7sLnOuvW08Y=,GJtwfI485LNr2HwWk2ZimxCCLoQ=
17,36,uID0rKLEutWlzT5r7sLnOuvW08Y=,KyzKO+vB6QX8lHpdDMiNI80gYGQ=
18,35,uID0rKLEutWlzT5r7sLnOuvW08Y=,7dj6X1lVkBLy248TGJXQTXl23YU=
18,36,uID0rKLEutWlzT5r7sLnOuvW08Y=,mVb0OmjiMvfmvyni//KOvUXx3n4=
18,38,uID0rKLEutWlzT5r7sLnOuvW08Y=,J3NH6m2t2EMa6C88Kcp/QTHF/iE=
18,37,uID0rKLEutWlzT5r7sLnOuvW08Y=,mVb0OmjiMvfmvyni//KOvUXx3n4=
18,39,uID0rKLEutWlzT5r7sLnOuvW08Y=,J3NH6m2t2EMa6C88Kcp/QTHF/iE=
20,38,uID0rKLEutWlzT5r7sLnOuvW08Y=,GW0rTGnMj6krlH6xb/RNcD7hBgs=
20,39,uID0rKLEutWlzT5r7sLnOuvW08Y=,GW0rTGnMj6krlH6xb/RNcD7hBgs=
19,38,uID0rKLEutWlzT5r7sLnOuvW08Y=,J3NH6m2t2EMa6C88Kcp/QTHF/iE=
19,39,uID0rKLEutWlzT5r7sLnOuvW08Y=,J3NH6m2t2EMa6C88Kcp/QTHF/iE=
20,37,uID0rKLEutWlzT5r7sLnOuvW08Y=,hdEhlepI8y6Q88u4kEtsAJxVZ4U=
19,37,uID0rKLEutWlzT5r7sLnOuvW08Y=,mVb0OmjiMvfmvyni//KOvUXx3n4=
17,37,uID0rKLEutWlzT5r7sLnOuvW08Y=,KyzKO+vB6QX8lHpdDMiNI80gYGQ=
17,39,uID0rKLEutWlzT5r7sLnOuvW08Y=,lG+yTwiuUlnKJYv97NZE0YoMNiA=
17,38,uID0rKLEutWlzT5r7sLnOuvW08Y=,lG+yTwiuUlnKJYv97NZE0YoMNiA=
21,37,uID0rKLEutWlzT5r7sLnOuvW08Y=,hdEhlepI8y6Q88u4kEtsAJxVZ4U=
21,39,uID0rKLEutWlzT5r7sLnOuvW08Y=,GW0rTGnMj6krlH6xb/RNcD7hBgs=
21,38,uID0rKLEutWlzT5r7sLnOuvW08Y=,GW0rTGnMj6krlH6xb/RNcD7hBgs=
22,38,uID0rKLEutWlzT5r7sLnOuvW08Y=,4FX7FBTC9lhivkFG5i8xatSfLlU=
22,37,uID0rKLEutWlzT5r7sLnOuvW08Y=,/D8BUwx+msIiqdYiRFQk9Uod45U=
22,39,uID0rKLEutWlzT5r7sLnOuvW08Y=,4FX7FBTC9lhivkFG5i8xatSfLlU=
31,36,uID0rKLEutWlzT5r7sLnOuvW08Y=,O7Y6qdVNHQ9O460vtfej1TI6kT4=
31,35,uID0rKLEutWlzT5r7sLnOuvW08Y=,mgYz9TpW0oMEucudtzRAeu/ep10=
23,37,uID0rKLEutWlzT5r7sLnOuvW08Y=,/D8BUwx+msIiqdYiRFQk9Uod45U=
23,39,uID0rKLEutWlzT5r7sLnOuvW08Y=,4FX7FBTC9lhivkFG5i8xatSfLlU=
24,37,uID0rKLEutWlzT5r7sLnOuvW08Y=,1BlQnYt0vObDUXS+P6OX+PoVqbg=
24,38,uID0rKLEutWlzT5r7sLnOuvW08Y=,qH0RJBG3ENsmKvOb7WhvC0fMdA4=
24,39,uID0rKLEutWlzT5r7sLnOuvW08Y=,qH0RJBG3ENsmKvOb7WhvC0fMdA4=
23,38,uID0rKLEutWlzT5r7sLnOuvW08Y=,4FX7FBTC9lhivkFG5i8xatSfLlU=
27,32,uID0rKLEutWlzT5r7sLnOuvW08Y=,m0h8B/E6QF7+eC4aRQd0Vy0uMlc=
28,32,uID0rKLEutWlzT5r7sLnOuvW08Y=,kexWUd7Hqmn+h85A5lz/5gMI+TQ=
25,32,uID0rKLEutWlzT5r7sLnOuvW08Y=,GUHDuQa7Jjw1OmQ7QtloAbEA58M=
26,32,uID0rKLEutWlzT5r7sLnOuvW08Y=,m0h8B/E6QF7+eC4aRQd0Vy0uMlc=
25,39,uID0rKLEutWlzT5r7sLnOuvW08Y=,qH0RJBG3ENsmKvOb7WhvC0fMdA4=
24,32,uID0rKLEutWlzT5r7sLnOuvW08Y=,GUHDuQa7Jjw1OmQ7QtloAbEA58M=
23,32,uID0rKLEutWlzT5r7sLnOuvW08Y=,Ga66uYq+gcfyNOuJPt8NdtNHG6c=
27,39,uID0rKLEutWlzT5r7sLnOuvW08Y=,A9S88qf2kN36gKO3zS+wMNYxF48=
27,37,uID0rKLEutWlzT5r7sLnOuvW08Y=,CCMOHtt6lsVeHa4OD9V/c4RCmsE=
28,37,uID0rKLEutWlzT5r7sLnOuvW08Y=,4eonZHlAZx+DsDZo/f3FF/BCZCs=
30,39,uID0rKLEutWlzT5r7sLnOuvW08Y=,i6mqTPBgHCxgKoofSSj6C4o4lZw=
25,37,uID0rKLEutWlzT5r7sLnOuvW08Y=,1BlQnYt0vObDUXS+P6OX+PoVqbg=
30,37,uID0rKLEutWlzT5r7sLnOuvW08Y=,O7Y6qdVNHQ9O460vtfej1TI6kT4=
25,38,uID0rKLEutWlzT5r7sLnOuvW08Y=,qH0RJBG3ENsmKvOb7WhvC0fMdA4=
30,38,uID0rKLEutWlzT5r7sLnOuvW08Y=,i6mqTPBgHCxgKoofSSj6C4o4lZw=
31,39,uID0rKLEutWlzT5r7sLnOuvW08Y=,i6mqTPBgHCxgKoofSSj6C4o4lZw=
31,37,uID0rKLEutWlzT5r7sLnOuvW08Y=,O7Y6qdVNHQ9O460vtfej1TI6kT4=
28,39,uID0rKLEutWlzT5r7sLnOuvW08Y=,QiuSITNRv5Rz5xQbgHdrJvQ0Y7U=
29,37,uID0rKLEutWlzT5r7sLnOuvW08Y=,4eonZHlAZx+DsDZo/f3FF/BCZCs=
31,38,uID0rKLEutWlzT5r7sLnOuvW08Y=,i6mqTPBgHCxgKoofSSj6C4o4lZw=
26,38,uID0rKLEutWlzT5r7sLnOuvW08Y=,A9S88qf2kN36gKO3zS+wMNYxF48=
28,38,uID0rKLEutWlzT5r7sLnOuvW08Y=,QiuSITNRv5Rz5xQbgHdrJvQ0Y7U=
29,38,uID0rKLEutWlzT5r7sLnOuvW08Y=,QiuSITNRv5Rz5xQbgHdrJvQ0Y7U=
27,38,uID0rKLEutWlzT5r7sLnOuvW08Y=,A9S88qf2kN36gKO3zS+wMNYxF48=
29,39,uID0rKLEutWlzT5r7sLnOuvW08Y=,QiuSITNRv5Rz5xQbgHdrJvQ0Y7U=
26,39,uID0rKLEutWlzT5r7sLnOuvW08Y=,A9S88qf2kN36gKO3zS+wMNYxF48=
26,37,uID0rKLEutWlzT5r7sLnOuvW08Y=,CCMOHtt6lsVeHa4OD9V/c4RCmsE=
19,32,uID0rKLEutWlzT5r7sLnOuvW08Y=,aer1pvYz8Pj2VbzUPw/21qZaSNk=
20,32,uID0rKLEutWlzT5r7sLnOuvW08Y=,jXWXYwfEkxqn5jEkfuusQ+Wajg0=
22,32,uID0rKLEutWlzT5r7sLnOuvW08Y=,Ga66uYq+gcfyNOuJPt8NdtNHG6c=
21,32,uID0rKLEutWlzT5r7sLnOuvW08Y=,jXWXYwfEkxqn5jEkfuusQ+Wajg0=
16,35,uID0rKLEutWlzT5r7sLnOuvW08Y=,GJtwfI485LNr2HwWk2ZimxCCLoQ=
16,37,uID0rKLEutWlzT5r7sLnOuvW08Y=,KyzKO+vB6QX8lHpdDMiNI80gYGQ=
16,39,uID0rKLEutWlzT5r7sLnOuvW08Y=,lG+yTwiuUlnKJYv97NZE0YoMNiA=
16,38,uID0rKLEutWlzT5r7sLnOuvW08Y=,lG+yTwiuUlnKJYv97NZE0YoMNiA=
16,36,uID0rKLEutWlzT5r7sLnOuvW08Y=,KyzKO+vB6QX8lHpdDMiNI80gYGQ=
29,34,uID0rKLEutWlzT5r7sLnOuvW08Y=,HGDLTEKuxhdeML/9h2mBt41dmqQ=
29,33,uID0rKLEutWlzT5r7sLnOuvW08Y=,kexWUd7Hqmn+h85A5lz/5gMI+TQ=
30,33,uID0rKLEutWlzT5r7sLnOuvW08Y=,wu0CPTo1at0tmECpX0bvaCiuvWo=
31,33,uID0rKLEutWlzT5r7sLnOuvW08Y=,wu0CPTo1at0tmECpX0bvaCiuvWo=
30,34,uID0rKLEutWlzT5r7sLnOuvW08Y=,mgYz9TpW0oMEucudtzRAeu/ep10=
31,34,uID0rKLEutWlzT5r7sLnOuvW08Y=,mgYz9TpW0oMEucudtzRAeu/ep10=
30,32,uID0rKLEutWlzT5r7sLnOuvW08Y=,wu0CPTo1at0tmECpX0bvaCiuvWo=
31,32,uID0rKLEutWlzT5r7sLnOuvW08Y=,wu0CPTo1at0tmECpX0bvaCiuvWo=
29,32,uID0rKLEutWlzT5r7sLnOuvW08Y=,kexWUd7Hqmn+h85A5lz/5gMI+TQ=
18,33,uID0rKLEutWlzT5r7sLnOuvW08Y=,aer1pvYz8Pj2VbzUPw/21qZaSNk=
18,32,uID0rKLEutWlzT5r7sLnOuvW08Y=,aer1pvYz8Pj2VbzUPw/21qZaSNk=
18,34,uID0rKLEutWlzT5r7sLnOuvW08Y=,7dj6X1lVkBLy248TGJXQTXl23YU=
17,32,uID0rKLEutWlzT5r7sLnOuvW08Y=,d8KqjXEBqpBBCQgYdmwRgHYcTMw=
16,32,uID0rKLEutWlzT5r7sLnOuvW08Y=,d8KqjXEBqpBBCQgYdmwRgHYcTMw=
17,33,uID0rKLEutWlzT5r7sLnOuvW08Y=,d8KqjXEBqpBBCQgYdmwRgHYcTMw=
16,33,uID0rKLEutWlzT5r7sLnOuvW08Y=,d8KqjXEBqpBBCQgYdmwRgHYcTMw=
17,34,uID0rKLEutWlzT5r7sLnOuvW08Y=,GJtwfI485LNr2HwWk2ZimxCCLoQ=
16,34,uID0rKLEutWlzT5r7sLnOuvW08Y=,GJtwfI485LNr2HwWk2ZimxCCLoQ=
