-20,12,Tr1OHvffn2J5f+VZCs6kk45Bd+w=,ZB5xrclxKzGVJ9JSfRs7AbDHgPg=
-20,13,Tr1OHvffn2J5f+VZCs6kk45Bd+w=,qvDCeyi2/XPl9fnitO+gPkftKDA=
-20,14,Tr1OHvffn2J5f+VZCs6kk45Bd+w=,uZnQEDVOr8mmUvLOVD7JRwZbO1E=
-20,15,Tr1OHvffn2J5f+VZCs6kk45Bd+w=,TOdRegbpHNO+h0EvEKVj3F6r1hk=
-20,8,Tr1OHvffn2J5f+VZCs6kk45Bd+w=,ZB5xrclxKzGVJ9JSfRs7AbDHgPg=
-20,9,Tr1OHvffn2J5f+VZCs6kk45Bd+w=,ZB5xrclxKzGVJ9JSfRs7AbDHgPg=
-20,10,Tr1OHvffn2J5f+VZCs6kk45Bd+w=,ZB5xrclxKzGVJ9JSfRs7AbDHgPg=
-20,11,Tr1OHvffn2J5f+VZCs6kk45Bd+w=,ZB5xrclxKzGVJ9JSfRs7AbDHgPg=
-20,4,Tr1OHvffn2J5f+VZCs6kk45Bd+w=,WUl0rX0dOu6HmnIquwnOAwNOeJo=
-20,5,Tr1OHvffn2J5f+VZCs6kk45Bd+w=,pgr+icD99LF186s2svF8hd17nRg=
-20,6,Tr1OHvffn2J5f+VZCs6kk45Bd+w=,CpbzYZbaII+wIjkJK0a1wxME59g=
-20,7,Tr1OHvffn2J5f+VZCs6kk45Bd+w=,CpbzYZbaII+wIjkJK0a1wxME59g=
-20,0,Tr1OHvffn2J5f+VZCs6kk45Bd+w=,DLgYhZMz3SP9gKwM6aiBX7WG4HE=
-20,1,Tr1OHvffn2J5f+VZCs6kk45Bd+w=,+NWAMCOYNWEF5xF4EYvZLhf/KKQ=
-20,2,Tr1OHvffn2J5f+VZCs6kk45Bd+w=,CpbzYZbaII+wIjkJK0a1wxME59g=
-20,3,Tr1OHvffn2J5f+VZCs6kk45Bd+w=,gVY36d/Squ93bMEjyFYkR6nM78E=
-20,16,Tr1OHvffn2J5f+VZCs6kk45Bd+w=,ffoH/y4kJyDMLOnnmY2I8SyBfds=
-20,17,Tr1OHvffn2J5f+VZCs6kk45Bd+w=,ffoH/y4kJyDMLOnnmY2I8SyBfds=
-20,18,Tr1OHvffn2J5f+VZCs6kk45Bd+w=,ffoH/y4kJyDMLOnnmY2I8SyBfds=
-20,19,Tr1OHvffn2J5f+VZCs6kk45Bd+w=,ffoH/y4kJyDMLOnnmY2I8SyBfds=
-19,13,Tr1OHvffn2J5f+VZCs6kk45Bd+w=,jesAA5qMpgKQYAfjh14gcYYX6YA=
-19,12,Tr1OHvffn2J5f+VZCs6kk45Bd+w=,ccuZ857+4WwVpul7mtjeigh0R1Q=
-19,15,Tr1OHvffn2J5f+VZCs6kk45Bd+w=,iB2tjRPk95YvECZbAFMB8pFWxww=
-19,14,Tr1OHvffn2J5f+VZCs6kk45Bd+w=,uZnQEDVOr8mmUvLOVD7JRwZbO1E=
-19,9,Tr1OHvffn2J5f+VZCs6kk45Bd+w=,ZB5xrclxKzGVJ9JSfRs7AbDHgPg=
-19,8,Tr1OHvffn2J5f+VZCs6kk45Bd+w=,ZB5xrclxKzGVJ9JSfRs7AbDHgPg=
-19,11,Tr1OHvffn2J5f+VZCs6kk45Bd+w=,vIleZhNttlJfX9/rrnYEXIAzWfM=
-19,10,Tr1OHvffn2J5f+VZCs6kk45Bd+w=,ZB5xrclxKzGVJ9JSfRs7AbDHgPg=
-19,5,Tr1OHvffn2J5f+VZCs6kk45Bd+w=,pgr+icD99LF186s2svF8hd17nRg=
-19,4,Tr1OHvffn2J5f+VZCs6kk45Bd+w=,WUl0rX0dOu6HmnIquwnOAwNOeJo=
-19,7,Tr1OHvffn2J5f+VZCs6kk45Bd+w=,CpbzYZbaII+wIjkJK0a1wxME59g=
-19,6,Tr1OHvffn2J5f+VZCs6kk45Bd+w=,CpbzYZbaII+wIjkJK0a1wxME59g=
-19,1,Tr1OHvffn2J5f+VZCs6kk45Bd+w=,36/R5Iq+Ul+CWEEKOtgrNtMGdzs=
-19,0,Tr1OHvffn2J5f+VZCs6kk45Bd+w=,F1rqvkYYPVXpU6VyyE5YcgY/l5E=
-19,3,Tr1OHvffn2J5f+VZCs6kk45Bd+w=,gVY36d/Squ93bMEjyFYkR6nM78E=
-19,2,Tr1OHvffn2J5f+VZCs6kk45Bd+w=,CpbzYZbaII+wIjkJK0a1wxME59g=
-19,17,Tr1OHvffn2J5f+VZCs6kk45Bd+w=,K7Hvt5KJo1IuQ4mLid6D70vTX7E=
-19,16,Tr1OHvffn2J5f+VZCs6kk45Bd+w=,ffoH/y4kJyDMLOnnmY2I8SyBfds=
-19,19,Tr1OHvffn2J5f+VZCs6kk45Bd+w=,fj/BNpZtvZi/3z2zf/mfdN9axJQ=
-19,18,Tr1OHvffn2J5f+VZCs6kk45Bd+w=,fj/BNpZtvZi/3z2zf/mfdN9axJQ=
-18,14,Tr1OHvffn2J5f+VZCs6kk45Bd+w=,uZnQEDVOr8mmUvLOVD7JRwZbO1E=
-18,15,Tr1OHvffn2J5f+VZCs6kk45Bd+w=,uZnQEDVOr8mmUvLOVD7JRwZbO1E=
-18,12,Tr1OHvffn2J5f+VZCs6kk45Bd+w=,BK0lCxcOe8UFMn92IO6SJQ5ZQ4U=
-18,13,Tr1OHvffn2J5f+VZCs6kk45Bd+w=,tNM4YPGFXjn4iguKuL+NpHn+nh4=
-18,10,Tr1OHvffn2J5f+VZCs6kk45Bd+w=,/3DSq6TFGsNzBHwtWcqFhSHsrdI=
-18,11,Tr1OHvffn2J5f+VZCs6kk45Bd+w=,QO10cHJZ1HpgKiX+IlpGdgW6/Cs=
-18,8,Tr1OHvffn2J5f+VZCs6kk45Bd+w=,pMXJ8/F/PxWY7PFh7XtixNvTlqM=
-18,9,Tr1OHvffn2J5f+VZCs6kk45Bd+w=,yIMdYfsS6HyeSM5nW2nmL5oJRtM=
-18,6,Tr1OHvffn2J5f+VZCs6kk45Bd+w=,CpbzYZbaII+wIjkJK0a1wxME59g=
-18,7,Tr1OHvffn2J5f+VZCs6kk45Bd+w=,CpbzYZbaII+wIjkJK0a1wxME59g=
-18,4,Tr1OHvffn2J5f+VZCs6kk45Bd+w=,WUl0rX0dOu6HmnIquwnOAwNOeJo=
-18,5,Tr1OHvffn2J5f+VZCs6kk45Bd+w=,pgr+icD99LF186s2svF8hd17nRg=
-18,2,Tr1OHvffn2J5f+VZCs6kk45Bd+w=,ilxDGzeuckCN8of8JSerFe0MtHI=
-18,3,Tr1OHvffn2J5f+VZCs6kk45Bd+w=,6+NKGkZrtw38vselJQeL1btKaYI=
-18,0,Tr1OHvffn2J5f+VZCs6kk45Bd+w=,aDeyIboQ5c5HeAQkBHQL8rvi5/I=
-18,1,Tr1OHvffn2J5f+VZCs6kk45Bd+w=,eo44PZGsd3Jmb53tii9dAteMFxA=
-18,18,Tr1OHvffn2J5f+VZCs6kk45Bd+w=,qQoAlLqIw4pXxfD/0lX1aQacXkY=
-18,19,Tr1OHvffn2J5f+VZCs6kk45Bd+w=,qQoAlLqIw4pXxfD/0lX1aQacXkY=
-18,16,Tr1OHvffn2J5f+VZCs6kk45Bd+w=,K7Hvt5KJo1IuQ4mLid6D70vTX7E=
-18,17,Tr1OHvffn2J5f+VZCs6kk45Bd+w=,AaQ1TB+i0Y12Uaa5lPsfmF92XMs=
-17,15,Tr1OHvffn2J5f+VZCs6kk45Bd+w=,KAYaTdpnD5E1+x5j0j9g8WXwGWU=
-17,14,Tr1OHvffn2J5f+VZCs6kk45Bd+w=,KAYaTdpnD5E1+x5j0j9g8WXwGWU=
-17,13,Tr1OHvffn2J5f+VZCs6kk45Bd+w=,PpIDaNGcITfpg7O9Xoyuj41qFTc=
-17,12,Tr1OHvffn2J5f+VZCs6kk45Bd+w=,spBxjXWF/Ive7TNBIWF97SRoxQg=
-17,11,Tr1OHvffn2J5f+VZCs6kk45Bd+w=,spBxjXWF/Ive7TNBIWF97SRoxQg=
-17,10,Tr1OHvffn2J5f+VZCs6kk45Bd+w=,spBxjXWF/Ive7TNBIWF97SRoxQg=
-17,9,Tr1OHvffn2J5f+VZCs6kk45Bd+w=,k7TqUhLOwLZ/XJ+igouF+oBI7sE=
-17,8,Tr1OHvffn2J5f+VZCs6kk45Bd+w=,C767SX9wmgzpu1BIMK8IN2UwlqM=
-17,7,Tr1OHvffn2J5f+VZCs6kk45Bd+w=,CpbzYZbaII+wIjkJK0a1wxME59g=
-17,6,Tr1OHvffn2J5f+VZCs6kk45Bd+w=,CpbzYZbaII+wIjkJK0a1wxME59g=
-17,5,Tr1OHvffn2J5f+VZCs6kk45Bd+w=,6qBfeC3yK1cHDbEEwFIvlwKqyM4=
-17,4,Tr1OHvffn2J5f+VZCs6kk45Bd+w=,jkUIx4T3Jag9w7TfOtTsGkQlKuk=
-17,3,044rtBPVur0+qz3Cc2dFXyh5uUY=,J/EIQR6wPJcHxz+Dk9W7sStrSyk=
-17,2,044rtBPVur0+qz3Cc2dFXyh5uUY=,05Njke5ffYuEXItMDtXSVW4zbo8=
-17,1,044rtBPVur0+qz3Cc2dFXyh5uUY=,05Njke5ffYuEXItMDtXSVW4zbo8=
-17,0,044rtBPVur0+qz3Cc2dFXyh5uUY=,bKrptgMurgimXB5UhntpLGQWTy4=
-17,19,044rtBPVur0+qz3Cc2dFXyh5uUY=,ffoH/y4kJyDMLOnnmY2I8SyBfds=
-17,18,044rtBPVur0+qz3Cc2dFXyh5uUY=,ffoH/y4kJyDMLOnnmY2I8SyBfds=
-17,17,044rtBPVur0+qz3Cc2dFXyh5uUY=,iMW85kCtmt2AHFT2NITgu8niDUg=
-17,16,044rtBPVur0+qz3Cc2dFXyh5uUY=,QK8oI+ceTyBcEHO3uh5Qe+VP1II=
-16,16,044rtBPVur0+qz3Cc2dFXyh5uUY=,CjVoEMirDXuwc3ruE70AqVXAMSM=
-16,17,044rtBPVur0+qz3Cc2dFXyh5uUY=,1LL5RcZBdpad0BYrQF5z/is7OiI=
-16,18,044rtBPVur0+qz3Cc2dFXyh5uUY=,wCmnkOffYEgUrtg8Mb4to5w23L8=
-16,19,044rtBPVur0+qz3Cc2dFXyh5uUY=,wCmnkOffYEgUrtg8Mb4to5w23L8=
-16,0,044rtBPVur0+qz3Cc2dFXyh5uUY=,cYb+JpYyub+Uc7Wf9kqp0DnVgwM=
-16,1,044rtBPVur0+qz3Cc2dFXyh5uUY=,m1/lvkypT65JU3PeIm4sKyqqUvo=
-16,2,044rtBPVur0+qz3Cc2dFXyh5uUY=,jjvDyaNS+CmABhFbRgLXrO7p+Yg=
-16,3,044rtBPVur0+qz3Cc2dFXyh5uUY=,iES+H4n8huA/5+TGI+xCBca5EIA=
-16,4,044rtBPVur0+qz3Cc2dFXyh5uUY=,PyqEWT8Qj3zWtYCMW8+gItxYOKo=
-16,5,044rtBPVur0+qz3Cc2dFXyh5uUY=,hlgisOslBwe4oa8VMpn+lAdcr8o=
-16,6,044rtBPVur0+qz3Cc2dFXyh5uUY=,hlgisOslBwe4oa8VMpn+lAdcr8o=
-16,7,044rtBPVur0+qz3Cc2dFXyh5uUY=,D3Lbq2vhlKDTHnMrP3BH3fMkfP8=
-16,8,044rtBPVur0+qz3Cc2dFXyh5uUY=,szIzsChBbxWGnveOvWr31qaUabU=
-16,9,044rtBPVur0+qz3Cc2dFXyh5uUY=,Ev52lRvqbLBabXWLmW0TrCqz13k=
-16,10,044rtBPVur0+qz3Cc2dFXyh5uUY=,Ki2hhMqOM7JoQk/MoBumNu6oW9Q=
-16,11,044rtBPVur0+qz3Cc2dFXyh5uUY=,qNJxQq0gTlcALvQJ++N/ZMHCG9E=
-16,12,044rtBPVur0+qz3Cc2dFXyh5uUY=,qNJxQq0gTlcALvQJ++N/ZMHCG9E=
-16,13,044rtBPVur0+qz3Cc2dFXyh5uUY=,qNJxQq0gTlcALvQJ++N/ZMHCG9E=
-16,14,044rtBPVur0+qz3Cc2dFXyh5uUY=,qNJxQq0gTlcALvQJ++N/ZMHCG9E=
-16,15,044rtBPVur0+qz3Cc2dFXyh5uUY=,+ii5I+AsjNpv0Erj62EYlzAxem4=
-15,17,044rtBPVur0+qz3Cc2dFXyh5uUY=,Uyuqj8rvSuYpMw4ikPRAb8yK1BE=
-15,16,044rtBPVur0+qz3Cc2dFXyh5uUY=,wCmnkOffYEgUrtg8Mb4to5w23L8=
-15,19,044rtBPVur0+qz3Cc2dFXyh5uUY=,iALEbt76D/7oIiRhWLylLn7HHyY=
-15,18,044rtBPVur0+qz3Cc2dFXyh5uUY=,iALEbt76D/7oIiRhWLylLn7HHyY=
-15,1,044rtBPVur0+qz3Cc2dFXyh5uUY=,bm6ZKoiuDDMqUefj3qin+Tqo11A=
-15,0,044rtBPVur0+qz3Cc2dFXyh5uUY=,0hpeL6lqulfTm5fvk11KhcYNIUs=
-15,3,044rtBPVur0+qz3Cc2dFXyh5uUY=,GwX8sFu/K+G4neU/KyLEIsnRkWA=
-15,2,044rtBPVur0+qz3Cc2dFXyh5uUY=,bm6ZKoiuDDMqUefj3qin+Tqo11A=
-15,5,044rtBPVur0+qz3Cc2dFXyh5uUY=,QB6W/NC1anK9Nm28Ypb2j9osIRk=
-15,4,044rtBPVur0+qz3Cc2dFXyh5uUY=,+wqtNAyauytBKQvRNTmx5rVOZ+w=
-15,7,044rtBPVur0+qz3Cc2dFXyh5uUY=,n0lHnT604BwSsVLQOsCNkoN+hd8=
-15,6,044rtBPVur0+qz3Cc2dFXyh5uUY=,slZKnH88KGK/CIiTdJszIU1RR1M=
-15,9,044rtBPVur0+qz3Cc2dFXyh5uUY=,ASk+QwMxfdKpxa8YjyzJbn61gco=
-15,8,044rtBPVur0+qz3Cc2dFXyh5uUY=,u/nqZdJcWI4Jl/iSd+MIkrvVMC4=
-15,11,044rtBPVur0+qz3Cc2dFXyh5uUY=,zNfzAfjcm9bLJ0/LB+Rf2scVUpg=
-15,10,044rtBPVur0+qz3Cc2dFXyh5uUY=,/c/ksJ9Gy+JrnElDQWdeDxvuPbk=
-15,13,044rtBPVur0+qz3Cc2dFXyh5uUY=,iMudd8FFIt1ODT2GtHXeo9rhkUs=
-15,12,044rtBPVur0+qz3Cc2dFXyh5uUY=,AApkKzTdE4q5yHcvC9rTwdQ2rkA=
-15,15,044rtBPVur0+qz3Cc2dFXyh5uUY=,9vWOHqKBMGmbHzr6b5CF4kfiOdM=
-15,14,044rtBPVur0+qz3Cc2dFXyh5uUY=,5E4XN0MZ/s1dDE7JeQW/4N22jjc=
-14,18,044rtBPVur0+qz3Cc2dFXyh5uUY=,W+GrL8uz3iQWkkhl+jCLQjZXohY=
-14,19,044rtBPVur0+qz3Cc2dFXyh5uUY=,5sudKyJdP0LxNcxaCRVBi1Nzisg=
-14,16,044rtBPVur0+qz3Cc2dFXyh5uUY=,iALEbt76D/7oIiRhWLylLn7HHyY=
-14,17,044rtBPVur0+qz3Cc2dFXyh5uUY=,iALEbt76D/7oIiRhWLylLn7HHyY=
-14,2,044rtBPVur0+qz3Cc2dFXyh5uUY=,6WvO5pGXtIJS4JHYu3+WpsIwlOc=
-14,3,044rtBPVur0+qz3Cc2dFXyh5uUY=,EOASDhu4uH+XzIh8+Cp4WTvGPlU=
-14,0,044rtBPVur0+qz3Cc2dFXyh5uUY=,ECCR06iKJA+0FuVuXt8fIKw8JfY=
-14,1,044rtBPVur0+qz3Cc2dFXyh5uUY=,6WvO5pGXtIJS4JHYu3+WpsIwlOc=
-14,6,044rtBPVur0+qz3Cc2dFXyh5uUY=,WLdMVO1MUYnQfcygcEmOy3Qu7IU=
-14,7,044rtBPVur0+qz3Cc2dFXyh5uUY=,n0lHnT604BwSsVLQOsCNkoN+hd8=
-14,4,044rtBPVur0+qz3Cc2dFXyh5uUY=,1GOFqTMKbMm8cXEd9WhxfPndQ3o=
-14,5,044rtBPVur0+qz3Cc2dFXyh5uUY=,m1/lvkypT65JU3PeIm4sKyqqUvo=
-14,10,044rtBPVur0+qz3Cc2dFXyh5uUY=,HCS6V2F6pDi7j0tCR0mFKCKwwI8=
-14,11,044rtBPVur0+qz3Cc2dFXyh5uUY=,USJaYAFYupc6TRHv7PENaGFd4pM=
-14,8,044rtBPVur0+qz3Cc2dFXyh5uUY=,u/nqZdJcWI4Jl/iSd+MIkrvVMC4=
-14,9,044rtBPVur0+qz3Cc2dFXyh5uUY=,ASk+QwMxfdKpxa8YjyzJbn61gco=
-14,14,044rtBPVur0+qz3Cc2dFXyh5uUY=,QpvjLgiH0XScFpQKbuTAa5Ova8k=
-14,15,044rtBPVur0+qz3Cc2dFXyh5uUY=,J/9OVZt47ddver6xGPKtAcY1c6E=
-14,12,044rtBPVur0+qz3Cc2dFXyh5uUY=,aRjM/Ly8G4aTnBbG94kcvd/FT7g=
-14,13,044rtBPVur0+qz3Cc2dFXyh5uUY=,ULGi9Z3dX128PtWjsFaHtahaTBE=
-13,19,044rtBPVur0+qz3Cc2dFXyh5uUY=,CjVoEMirDXuwc3ruE70AqVXAMSM=
-13,18,044rtBPVur0+qz3Cc2dFXyh5uUY=,5JAIAfHBejIUBnjiLrTLVSF9KGc=
-13,17,044rtBPVur0+qz3Cc2dFXyh5uUY=,ZnNpYEg32bXNLz5/k6AhBzLi6hc=
-13,16,044rtBPVur0+qz3Cc2dFXyh5uUY=,7UkLOAGUfkg/V4K2/RdA/LgC0GI=
-13,3,044rtBPVur0+qz3Cc2dFXyh5uUY=,jyF5DNGvxbpmgh/iz9EdAZg6sYk=
-13,2,044rtBPVur0+qz3Cc2dFXyh5uUY=,q2nVOJLGsNVBQJ5tkIcM48Bdlx4=
-13,1,044rtBPVur0+qz3Cc2dFXyh5uUY=,7MV7WBbsm5O434drwJzqB3X6+ZQ=
-13,0,044rtBPVur0+qz3Cc2dFXyh5uUY=,XBzL7OeE33+l1xJ7CH96rjDr6Es=
-13,7,044rtBPVur0+qz3Cc2dFXyh5uUY=,KaL5QN+i4bbKdL17rMf/noQfp0s=
-13,6,044rtBPVur0+qz3Cc2dFXyh5uUY=,qGgA0cPS2z4pOVOEVoojlGZPRX8=
-13,5,044rtBPVur0+qz3Cc2dFXyh5uUY=,eDr6iPU5UsQykMpwqY5lWqfpvgQ=
-13,4,044rtBPVur0+qz3Cc2dFXyh5uUY=,BdET26G1/rJqG3XmoLiY689Wxqs=
-13,11,Hch369Ub5C510cRXtgf/VUZfJFE=,9oLumKzsAr3aA5mvWvCwzm9qwJo=
-13,10,Hch369Ub5C510cRXtgf/VUZfJFE=,DcjSdBhnblNc2YdZOOuz5d1Oozo=
-13,9,Hch369Ub5C510cRXtgf/VUZfJFE=,5ApVvyM/R94yox6fww3FqA2x87w=
-13,8,Hch369Ub5C510cRXtgf/VUZfJFE=,l/nASebvnjFg+NTqEJQUhudGef0=
-13,15,Hch369Ub5C510cRXtgf/VUZfJFE=,T6qtvvoMAF1To5Zy/pJSr1SnH/4=
-13,14,Hch369Ub5C510cRXtgf/VUZfJFE=,a6ZMSBFb759AOeULdJNMwj8jkDw=
-13,13,Hch369Ub5C510cRXtgf/VUZfJFE=,XMkcRvoSXUFcb3d74In7+7UN+qY=
-13,12,Hch369Ub5C510cRXtgf/VUZfJFE=,+4yet4IuiU5LNzORz+Ekkb8WQsc=
-12,16,Hch369Ub5C510cRXtgf/VUZfJFE=,p8ztVYguvAcwvp3I/kgezx0KOb4=
-12,17,Hch369Ub5C510cRXtgf/VUZfJFE=,BoNpEJ5yLTVUCfSH2ewlhxj8mcw=
-12,18,Hch369Ub5C510cRXtgf/VUZfJFE=,9/bhhfYfWMtSRt120sO/uzdyNF8=
-12,19,Hch369Ub5C510cRXtgf/VUZfJFE=,CjVoEMirDXuwc3ruE70AqVXAMSM=
-12,4,Hch369Ub5C510cRXtgf/VUZfJFE=,RoefWE0SXmu2SP0eKBjuxoinX10=
-12,5,Hch369Ub5C510cRXtgf/VUZfJFE=,JRCzCj8OA8Wjx3flNNUqrO+89Yg=
-12,6,Hch369Ub5C510cRXtgf/VUZfJFE=,Aqp7/aNsYphviKqadL7q9+B5acw=
-12,7,Hch369Ub5C510cRXtgf/VUZfJFE=,KdjXX7omrIacnYrZk2cedEq1Fkg=
-12,0,Hch369Ub5C510cRXtgf/VUZfJFE=,YiPOWmJ6oq8Fg81vfx3zLaxJ/JM=
-12,1,Hch369Ub5C510cRXtgf/VUZfJFE=,QPs6/GXQOhxODEKfZgEJQM4t1Nk=
-12,2,Hch369Ub5C510cRXtgf/VUZfJFE=,OxW0FQBujRCTTIRabtqf2n85lSk=
-12,3,Hch369Ub5C510cRXtgf/VUZfJFE=,w7BK9DAr48GIxUGALXOuBotbPSU=
-12,12,Hch369Ub5C510cRXtgf/VUZfJFE=,+4yet4IuiU5LNzORz+Ekkb8WQsc=
-12,13,Hch369Ub5C510cRXtgf/VUZfJFE=,+4yet4IuiU5LNzORz+Ekkb8WQsc=
-12,14,Hch369Ub5C510cRXtgf/VUZfJFE=,+4yet4IuiU5LNzORz+Ekkb8WQsc=
-12,15,Hch369Ub5C510cRXtgf/VUZfJFE=,6lvFFxZZWSg41i7wkc87/AgQfnA=
-12,8,Hch369Ub5C510cRXtgf/VUZfJFE=,fPDHFfqO4dpFYkDqqwwc7ezxyrw=
-12,9,Hch369Ub5C510cRXtgf/VUZfJFE=,fPDHFfqO4dpFYkDqqwwc7ezxyrw=
-12,10,Hch369Ub5C510cRXtgf/VUZfJFE=,KUWOYHW01XvcDKW5YAmW/VL3Asw=
-12,11,Hch369Ub5C510cRXtgf/VUZfJFE=,9oLumKzsAr3aA5mvWvCwzm9qwJo=
-11,17,Hch369Ub5C510cRXtgf/VUZfJFE=,BoNpEJ5yLTVUCfSH2ewlhxj8mcw=
-11,16,Hch369Ub5C510cRXtgf/VUZfJFE=,p8ztVYguvAcwvp3I/kgezx0KOb4=
-11,19,Hch369Ub5C510cRXtgf/VUZfJFE=,CjVoEMirDXuwc3ruE70AqVXAMSM=
-11,18,Hch369Ub5C510cRXtgf/VUZfJFE=,9/bhhfYfWMtSRt120sO/uzdyNF8=
-11,5,Hch369Ub5C510cRXtgf/VUZfJFE=,3kUwQ8vAEx0nb/aGcC2j7QweMbw=
-11,4,Hch369Ub5C510cRXtgf/VUZfJFE=,mdNmAW6PqCLX3bCevndebyUNBNs=
-11,7,Hch369Ub5C510cRXtgf/VUZfJFE=,EKPBLkMw+BfBK0c7OM5adTDDHE0=
-11,6,Hch369Ub5C510cRXtgf/VUZfJFE=,+YSxjXff8DthmUJHjcX5rDgIsgA=
-11,1,Hch369Ub5C510cRXtgf/VUZfJFE=,o1tgfM4PwDT5714T1XS9D3so1bs=
-11,0,Hch369Ub5C510cRXtgf/VUZfJFE=,YiPOWmJ6oq8Fg81vfx3zLaxJ/JM=
-11,3,Hch369Ub5C510cRXtgf/VUZfJFE=,M1tCdGes4SaG5q2nNBgdpticpYU=
-11,2,Hch369Ub5C510cRXtgf/VUZfJFE=,jPnPJOY+Gz25S9fj9JxJc8Weib4=
-11,13,Hch369Ub5C510cRXtgf/VUZfJFE=,F4+7Dw3M67PtPVxQdK3EB9S5h7Y=
-11,12,Hch369Ub5C510cRXtgf/VUZfJFE=,+4yet4IuiU5LNzORz+Ekkb8WQsc=
-11,15,Hch369Ub5C510cRXtgf/VUZfJFE=,+4yet4IuiU5LNzORz+Ekkb8WQsc=
-11,14,Hch369Ub5C510cRXtgf/VUZfJFE=,P++SZU+armfFZeS9E9ebfDVco5Y=
-11,9,Hch369Ub5C510cRXtgf/VUZfJFE=,ceMXrMGOFJzO5uCRnu33aWzQJDc=
-11,8,Hch369Ub5C510cRXtgf/VUZfJFE=,fPDHFfqO4dpFYkDqqwwc7ezxyrw=
-11,11,Hch369Ub5C510cRXtgf/VUZfJFE=,J+2nn7I/CodaExewnTnhpbUlOBw=
-11,10,Hch369Ub5C510cRXtgf/VUZfJFE=,FegiwUK8Pr7jpYEx7rkDtaXpvqE=
-10,18,Hch369Ub5C510cRXtgf/VUZfJFE=,4Q/79axjIVBgRyQaRLy/zOgQKGQ=
-10,19,Hch369Ub5C510cRXtgf/VUZfJFE=,ZraDIUVqribXlLKIYEgRbwLXQK4=
-10,16,Hch369Ub5C510cRXtgf/VUZfJFE=,fiDA5BzOd3hbGbPSugVGsOgln5I=
-10,17,Hch369Ub5C510cRXtgf/VUZfJFE=,ByFuqhL5YxHTfvoEoIlEGKcQbkk=
-10,6,Hch369Ub5C510cRXtgf/VUZfJFE=,+YSxjXff8DthmUJHjcX5rDgIsgA=
-10,7,Hch369Ub5C510cRXtgf/VUZfJFE=,EKPBLkMw+BfBK0c7OM5adTDDHE0=
-10,4,Hch369Ub5C510cRXtgf/VUZfJFE=,EKPBLkMw+BfBK0c7OM5adTDDHE0=
-10,5,Hch369Ub5C510cRXtgf/VUZfJFE=,m0jVrmk5O1zrq/46Byy5GfxS+FM=
-10,2,Hch369Ub5C510cRXtgf/VUZfJFE=,aCdyDvZqfZBo9ZPsnaGmrpPtcKo=
-10,3,Hch369Ub5C510cRXtgf/VUZfJFE=,IVPDcUaWdD2JSgWSUh3OQmZoi30=
-10,0,Hch369Ub5C510cRXtgf/VUZfJFE=,PnorIKb6B1LXmTr16NMiWXsG/6w=
-10,1,Hch369Ub5C510cRXtgf/VUZfJFE=,IDaUU/1TRIWEXE9aapEFHR38/RU=
-10,14,Hch369Ub5C510cRXtgf/VUZfJFE=,z6yvzAHu/tQIp+pXCF0FeprI+sU=
-10,15,Hch369Ub5C510cRXtgf/VUZfJFE=,PBEZOmLk1iWs7OP98xBWjRjr5QM=
-10,12,Hch369Ub5C510cRXtgf/VUZfJFE=,vspjBfbhmfZj49iK7y4fyBgMvqE=
-10,13,Hch369Ub5C510cRXtgf/VUZfJFE=,ewwN9qkDFck3eqn7g8ejmKU2w8o=
-10,10,Hch369Ub5C510cRXtgf/VUZfJFE=,qvxdQzYoyNgwrql0KQyriAO7uW0=
-10,11,Hch369Ub5C510cRXtgf/VUZfJFE=,Oc9KnHzGJ0NhPONW0bsCSQrrkOg=
-10,8,Hch369Ub5C510cRXtgf/VUZfJFE=,fPDHFfqO4dpFYkDqqwwc7ezxyrw=
-10,9,Hch369Ub5C510cRXtgf/VUZfJFE=,cWsNbXaLZ3ub6cL0TL0UlTIJsZQ=
-9,19,Hch369Ub5C510cRXtgf/VUZfJFE=,VZs1aAgTjSo3F+DLffY3PkISVgs=
-9,18,Hch369Ub5C510cRXtgf/VUZfJFE=,VZs1aAgTjSo3F+DLffY3PkISVgs=
-9,17,Hch369Ub5C510cRXtgf/VUZfJFE=,VZs1aAgTjSo3F+DLffY3PkISVgs=
-9,16,Hch369Ub5C510cRXtgf/VUZfJFE=,WbMlsnMJ41sFPN5wbe4wXbEJEeg=
-9,7,Hch369Ub5C510cRXtgf/VUZfJFE=,EKPBLkMw+BfBK0c7OM5adTDDHE0=
-9,6,Hch369Ub5C510cRXtgf/VUZfJFE=,KdjXX7omrIacnYrZk2cedEq1Fkg=
-9,5,Hch369Ub5C510cRXtgf/VUZfJFE=,kHaaoDrQbII1qGzojmafChaMtBE=
-9,4,Hch369Ub5C510cRXtgf/VUZfJFE=,EKPBLkMw+BfBK0c7OM5adTDDHE0=
-9,3,Hch369Ub5C510cRXtgf/VUZfJFE=,EKPBLkMw+BfBK0c7OM5adTDDHE0=
-9,2,Hch369Ub5C510cRXtgf/VUZfJFE=,IVPDcUaWdD2JSgWSUh3OQmZoi30=
-9,1,Hch369Ub5C510cRXtgf/VUZfJFE=,iId5ZG1maoferz2BxsSrBKGc0es=
-9,0,Hch369Ub5C510cRXtgf/VUZfJFE=,hK10w6yTiKxPivho9Whew0pjua4=
-9,15,Hch369Ub5C510cRXtgf/VUZfJFE=,oplZqjElYsJThL5E6eyUN50Dv+c=
-9,14,325gpUBskbi6N+t0w+T1H4F0LV8=,SDCapOPcOC91FIKBqI95Yax+mXA=
-9,13,325gpUBskbi6N+t0w+T1H4F0LV8=,RTb/GhCTXCQUynAGjgCdqcbFMZ0=
-9,12,325gpUBskbi6N+t0w+T1H4F0LV8=,RTb/GhCTXCQUynAGjgCdqcbFMZ0=
-9,11,325gpUBskbi6N+t0w+T1H4F0LV8=,1XJHFMOA1ub4WtJZQuI752dIIjM=
-9,10,325gpUBskbi6N+t0w+T1H4F0LV8=,XbkCWup7y1Kld1QRPeAcFsi0siE=
-9,9,325gpUBskbi6N+t0w+T1H4F0LV8=,Jqo5Mt4nuRNt77SP0P+pMXlSRzQ=
-9,8,325gpUBskbi6N+t0w+T1H4F0LV8=,JFg7d0fv6qPqwybgRXTF4qRN0lA=
-8,16,325gpUBskbi6N+t0w+T1H4F0LV8=,+srkl12YZtZ2YfQTxhsXwUZcPyo=
-8,17,325gpUBskbi6N+t0w+T1H4F0LV8=,rFGyhITQJk1iWsxURz7BcSAqCSE=
-8,18,325gpUBskbi6N+t0w+T1H4F0LV8=,WNO0DjOJNZWaLKfGGGWSR8QxY/w=
-8,19,325gpUBskbi6N+t0w+T1H4F0LV8=,+srkl12YZtZ2YfQTxhsXwUZcPyo=
-8,8,325gpUBskbi6N+t0w+T1H4F0LV8=,o2t1YGiHKCT9G0EOKP44VFtyhfk=
-8,9,325gpUBskbi6N+t0w+T1H4F0LV8=,o2t1YGiHKCT9G0EOKP44VFtyhfk=
-8,10,325gpUBskbi6N+t0w+T1H4F0LV8=,o2t1YGiHKCT9G0EOKP44VFtyhfk=
-8,11,325gpUBskbi6N+t0w+T1H4F0LV8=,o2t1YGiHKCT9G0EOKP44VFtyhfk=
-8,12,325gpUBskbi6N+t0w+T1H4F0LV8=,o2t1YGiHKCT9G0EOKP44VFtyhfk=
-8,13,325gpUBskbi6N+t0w+T1H4F0LV8=,o2t1YGiHKCT9G0EOKP44VFtyhfk=
-8,14,325gpUBskbi6N+t0w+T1H4F0LV8=,o2t1YGiHKCT9G0EOKP44VFtyhfk=
-8,15,325gpUBskbi6N+t0w+T1H4F0LV8=,o2t1YGiHKCT9G0EOKP44VFtyhfk=
-8,0,325gpUBskbi6N+t0w+T1H4F0LV8=,dTmePkEplMKGEO4OsxYJro9bbzk=
-8,1,325gpUBskbi6N+t0w+T1H4F0LV8=,dTmePkEplMKGEO4OsxYJro9bbzk=
-8,2,325gpUBskbi6N+t0w+T1H4F0LV8=,dTmePkEplMKGEO4OsxYJro9bbzk=
-8,3,325gpUBskbi6N+t0w+T1H4F0LV8=,069rH1nSGBy/Xha3EwxQ3/OCwyE=
-8,4,325gpUBskbi6N+t0w+T1H4F0LV8=,XgbSLPZPunj2xTe5xKgu0rag+Nk=
-8,5,325gpUBskbi6N+t0w+T1H4F0LV8=,oaCigINCtkmkAP3W8PwESeEMwRM=
-8,6,325gpUBskbi6N+t0w+T1H4F0LV8=,wIy9rjVeJr0021WGRcSIuH4ZWVI=
-8,7,325gpUBskbi6N+t0w+T1H4F0LV8=,KmcBSxTD+nnPIAAWdTfNDXo4N2c=
-7,17,325gpUBskbi6N+t0w+T1H4F0LV8=,fhfFAZtLk1COd9NPeJI1vipnUlE=
-7,16,325gpUBskbi6N+t0w+T1H4F0LV8=,+srkl12YZtZ2YfQTxhsXwUZcPyo=
-7,19,325gpUBskbi6N+t0w+T1H4F0LV8=,+srkl12YZtZ2YfQTxhsXwUZcPyo=
-7,18,325gpUBskbi6N+t0w+T1H4F0LV8=,MaQAnp10dykZ11WRvsQag3tka2M=
-7,9,325gpUBskbi6N+t0w+T1H4F0LV8=,7Iptb6kW/q+LF/ico5iOmV0k/Ac=
-7,8,325gpUBskbi6N+t0w+T1H4F0LV8=,ExHOGvQpvhlF1G7orklsMxUQBAM=
-7,11,325gpUBskbi6N+t0w+T1H4F0LV8=,JAZHJJsR4ZLwi043n+B5+Q8ziNA=
-7,10,325gpUBskbi6N+t0w+T1H4F0LV8=,q5VZWflL5KCM9XHsoSgKuOdDMYI=
-7,13,325gpUBskbi6N+t0w+T1H4F0LV8=,JAZHJJsR4ZLwi043n+B5+Q8ziNA=
-7,12,325gpUBskbi6N+t0w+T1H4F0LV8=,JAZHJJsR4ZLwi043n+B5+Q8ziNA=
-7,15,325gpUBskbi6N+t0w+T1H4F0LV8=,jwWOzr15g4R3YANWKfC98sasX6s=
-7,14,325gpUBskbi6N+t0w+T1H4F0LV8=,JAZHJJsR4ZLwi043n+B5+Q8ziNA=
-7,1,325gpUBskbi6N+t0w+T1H4F0LV8=,dTmePkEplMKGEO4OsxYJro9bbzk=
-7,0,325gpUBskbi6N+t0w+T1H4F0LV8=,dTmePkEplMKGEO4OsxYJro9bbzk=
-7,3,325gpUBskbi6N+t0w+T1H4F0LV8=,JZkWIQZZJRItNCwY3UvWu1V7+aw=
-7,2,325gpUBskbi6N+t0w+T1H4F0LV8=,VqiHsROGXaWlw3y1x9Z9k1LME2I=
-7,5,325gpUBskbi6N+t0w+T1H4F0LV8=,f7HGZo0aCRXG7HXGpzmNPHqM9k8=
-7,4,325gpUBskbi6N+t0w+T1H4F0LV8=,Idhi6Z8xHr1avl1yow6g8EdajMc=
-7,7,325gpUBskbi6N+t0w+T1H4F0LV8=,dZiLvCHyYmHNYIHmM14HmhYCivI=
-7,6,325gpUBskbi6N+t0w+T1H4F0LV8=,JzfbBP/lm9Cx1VN/joou+nXKnW8=
-6,18,325gpUBskbi6N+t0w+T1H4F0LV8=,F7YTX9q0PHcY4MDLV71Ft+a387g=
-6,19,325gpUBskbi6N+t0w+T1H4F0LV8=,+srkl12YZtZ2YfQTxhsXwUZcPyo=
-6,16,325gpUBskbi6N+t0w+T1H4F0LV8=,ZacQEp6EAZgw/ZfFs8w8Hcymi2s=
-6,17,325gpUBskbi6N+t0w+T1H4F0LV8=,mcD6WryISiS6Fy5bCDPW87jYGW4=
-6,10,325gpUBskbi6N+t0w+T1H4F0LV8=,27srw1Lv422aFGAYoJhN+CCLePQ=
-6,11,325gpUBskbi6N+t0w+T1H4F0LV8=,zX2SPHLcbV3Zhj08W37on9bgBao=
-6,8,325gpUBskbi6N+t0w+T1H4F0LV8=,qaca/9rfU3DJzdszS2hh2WbTgQk=
-6,9,325gpUBskbi6N+t0w+T1H4F0LV8=,LVG9X8+wBIRRMwUlCpS5gCIbGTI=
-6,14,325gpUBskbi6N+t0w+T1H4F0LV8=,s2w1UtAQMj1cEGLbTROOub225z8=
-6,15,325gpUBskbi6N+t0w+T1H4F0LV8=,nfHur9RM7lycICy/NqojLjESxOo=
-6,12,325gpUBskbi6N+t0w+T1H4F0LV8=,Hj1TbWJ7JuICyE4aaq1ZhZZ3rWg=
-6,13,325gpUBskbi6N+t0w+T1H4F0LV8=,eOIeCXfwhowcMNinoWCmpJteuZY=
-6,2,325gpUBskbi6N+t0w+T1H4F0LV8=,jyn5RSwb0T6A+2JAwK5KuovHYlk=
-6,3,325gpUBskbi6N+t0w+T1H4F0LV8=,KQoqFe8krJymUZxsYgR0LhNCtUM=
-6,0,325gpUBskbi6N+t0w+T1H4F0LV8=,dTmePkEplMKGEO4OsxYJro9bbzk=
-6,1,325gpUBskbi6N+t0w+T1H4F0LV8=,dTmePkEplMKGEO4OsxYJro9bbzk=
-6,6,325gpUBskbi6N+t0w+T1H4F0LV8=,1Z/Dat8cFeLQD97qxCfRxLXZV1I=
-6,7,325gpUBskbi6N+t0w+T1H4F0LV8=,+SXeILRsWK6S93o/BB7NgZQcMzM=
-6,4,325gpUBskbi6N+t0w+T1H4F0LV8=,KQoqFe8krJymUZxsYgR0LhNCtUM=
-6,5,325gpUBskbi6N+t0w+T1H4F0LV8=,titZJau1S9OK2jTJQ+K2IqZqP8U=
-5,19,325gpUBskbi6N+t0w+T1H4F0LV8=,+srkl12YZtZ2YfQTxhsXwUZcPyo=
-5,18,325gpUBskbi6N+t0w+T1H4F0LV8=,hqOR+1utUaFl77/u/bCt7qHEM5o=
-5,17,325gpUBskbi6N+t0w+T1H4F0LV8=,wA92R79D6Yx0X1lxNtv/+WubA1A=
-5,16,325gpUBskbi6N+t0w+T1H4F0LV8=,S02ZfFOskaJUu4W2lrVb4c3KFg4=
-5,11,325gpUBskbi6N+t0w+T1H4F0LV8=,o2t1YGiHKCT9G0EOKP44VFtyhfk=
-5,10,325gpUBskbi6N+t0w+T1H4F0LV8=,yT6EzT+lvj66a32penBRgK0WXfc=
-5,9,325gpUBskbi6N+t0w+T1H4F0LV8=,LVG9X8+wBIRRMwUlCpS5gCIbGTI=
-5,8,325gpUBskbi6N+t0w+T1H4F0LV8=,qaca/9rfU3DJzdszS2hh2WbTgQk=
-5,15,325gpUBskbi6N+t0w+T1H4F0LV8=,Rnblevi6yd70vmrc7yYb3KKM8gM=
-5,14,325gpUBskbi6N+t0w+T1H4F0LV8=,ZHRMpoy2ZdCOseXx1zdsu0oiDwI=
-5,13,325gpUBskbi6N+t0w+T1H4F0LV8=,+Fa2cyfaZMnQPWPocrFY6KNasjM=
-5,12,325gpUBskbi6N+t0w+T1H4F0LV8=,3cCY3FLnmzPZrPXEYnXmGnVvEeg=
-5,3,325gpUBskbi6N+t0w+T1H4F0LV8=,ClOPuQVpulGTijgl1Y/AsRyHlkk=
-5,2,325gpUBskbi6N+t0w+T1H4F0LV8=,3LbOo8OC/9Ese8y4I+g8g+mWxRs=
-5,1,325gpUBskbi6N+t0w+T1H4F0LV8=,jQM2xhDCpLYF8Tw2hmMh4jn5/FA=
-5,0,vmjJYrfV3N78yn29F57SzSinXUs=,tQmc5BLSZQU7JgfjuAJ3++4Cbrw=
-5,7,vmjJYrfV3N78yn29F57SzSinXUs=,kKNoza6iVaLT8WbWivQi53jYPJ4=
-5,6,vmjJYrfV3N78yn29F57SzSinXUs=,gqjVzN/LfBJuw3IxfuJ4aaRSJlI=
-5,5,vmjJYrfV3N78yn29F57SzSinXUs=,BjKA0P0EZKd7jeC/1TJataQoz+0=
-5,4,vmjJYrfV3N78yn29F57SzSinXUs=,l37wchj3oesv/q6JgBzGqZIRzjg=
-4,16,vmjJYrfV3N78yn29F57SzSinXUs=,S02ZfFOskaJUu4W2lrVb4c3KFg4=
-4,17,vmjJYrfV3N78yn29F57SzSinXUs=,wA92R79D6Yx0X1lxNtv/+WubA1A=
-4,18,vmjJYrfV3N78yn29F57SzSinXUs=,hqOR+1utUaFl77/u/bCt7qHEM5o=
-4,19,vmjJYrfV3N78yn29F57SzSinXUs=,+srkl12YZtZ2YfQTxhsXwUZcPyo=
-4,12,vmjJYrfV3N78yn29F57SzSinXUs=,nneq7guUZUT5HBUg1LjJUokKfEs=
-4,13,vmjJYrfV3N78yn29F57SzSinXUs=,G0HuB5t4fEs3cYSj+N7+fKIIFcg=
-4,14,vmjJYrfV3N78yn29F57SzSinXUs=,mPPp1mnHenp18PAoAYrYzfVzojQ=
-4,15,vmjJYrfV3N78yn29F57SzSinXUs=,Rnblevi6yd70vmrc7yYb3KKM8gM=
-4,8,vmjJYrfV3N78yn29F57SzSinXUs=,qaca/9rfU3DJzdszS2hh2WbTgQk=
-4,9,vmjJYrfV3N78yn29F57SzSinXUs=,LVG9X8+wBIRRMwUlCpS5gCIbGTI=
-4,10,vmjJYrfV3N78yn29F57SzSinXUs=,yT6EzT+lvj66a32penBRgK0WXfc=
-4,11,vmjJYrfV3N78yn29F57SzSinXUs=,o2t1YGiHKCT9G0EOKP44VFtyhfk=
-4,4,vmjJYrfV3N78yn29F57SzSinXUs=,l37wchj3oesv/q6JgBzGqZIRzjg=
-4,5,vmjJYrfV3N78yn29F57SzSinXUs=,BjKA0P0EZKd7jeC/1TJataQoz+0=
-4,6,vmjJYrfV3N78yn29F57SzSinXUs=,ebKhuLsC2jA179FbpkGh6htbM1U=
-4,7,vmjJYrfV3N78yn29F57SzSinXUs=,7nAS+n/BRS7IRTzZS/INbg/FC1Q=
-4,0,vmjJYrfV3N78yn29F57SzSinXUs=,O8T5japslaLzJqyBSehp7bKo64s=
-4,1,vmjJYrfV3N78yn29F57SzSinXUs=,OTWnx/m5awWfOK2sKOnPsrpCKOM=
-4,2,vmjJYrfV3N78yn29F57SzSinXUs=,OTWnx/m5awWfOK2sKOnPsrpCKOM=
-4,3,vmjJYrfV3N78yn29F57SzSinXUs=,1M7EtfE5kiiCujePSxeRO+FsKlw=
-3,17,vmjJYrfV3N78yn29F57SzSinXUs=,wA92R79D6Yx0X1lxNtv/+WubA1A=
-3,16,vmjJYrfV3N78yn29F57SzSinXUs=,S02ZfFOskaJUu4W2lrVb4c3KFg4=
-3,19,vmjJYrfV3N78yn29F57SzSinXUs=,lWctyWy25wuUWsFDG7sbN3I/kUg=
-3,18,vmjJYrfV3N78yn29F57SzSinXUs=,+EoPi1ce/8CaqECd2mCxGHDvRzY=
-3,13,vmjJYrfV3N78yn29F57SzSinXUs=,fuot72+ULYNZZqq+41scAddsEZM=
-3,12,vmjJYrfV3N78yn29F57SzSinXUs=,l0OBzqFHn1wKveQzNNX5C6uD+/w=
-3,15,vmjJYrfV3N78yn29F57SzSinXUs=,Rnblevi6yd70vmrc7yYb3KKM8gM=
-3,14,vmjJYrfV3N78yn29F57SzSinXUs=,mp7Wfv465BZjDqCCX/73rlgIsbc=
-3,9,vmjJYrfV3N78yn29F57SzSinXUs=,W+AIrJanmAFE5hm6WImI1OKC/6k=
-3,8,vmjJYrfV3N78yn29F57SzSinXUs=,ABgsXm0BoRUK0KxIrjLq4yC0vPs=
-3,11,vmjJYrfV3N78yn29F57SzSinXUs=,T5Tf2Eiy0Fj+rYSNCZJf6JO3PkA=
-3,10,vmjJYrfV3N78yn29F57SzSinXUs=,2LR3nP5tgNaRolQ1u+4xMMDf49g=
-3,5,vmjJYrfV3N78yn29F57SzSinXUs=,BjKA0P0EZKd7jeC/1TJataQoz+0=
-3,4,vmjJYrfV3N78yn29F57SzSinXUs=,rNCBt/exjpHf1HC0bt1SqNCXDfs=
-3,7,vmjJYrfV3N78yn29F57SzSinXUs=,XdK+9cCDIeYqt18o2xUKJ26a3Ps=
-3,6,vmjJYrfV3N78yn29F57SzSinXUs=,kKNoza6iVaLT8WbWivQi53jYPJ4=
-3,1,vmjJYrfV3N78yn29F57SzSinXUs=,kyl79mCOLEcRVO5a7lTz5RuMY8c=
-3,0,vmjJYrfV3N78yn29F57SzSinXUs=,O8T5japslaLzJqyBSehp7bKo64s=
-3,3,vmjJYrfV3N78yn29F57SzSinXUs=,2LrYIEM/beD9AWy+LrQs7ctlKmM=
-3,2,vmjJYrfV3N78yn29F57SzSinXUs=,25OYGQIAgIUqF9QVgWZWbk6T0BI=
-2,18,vmjJYrfV3N78yn29F57SzSinXUs=,dWBPAhUdPFERUDNbX67rWKjTJks=
-2,19,vmjJYrfV3N78yn29F57SzSinXUs=,dWBPAhUdPFERUDNbX67rWKjTJks=
-2,16,vmjJYrfV3N78yn29F57SzSinXUs=,S02ZfFOskaJUu4W2lrVb4c3KFg4=
-2,17,vmjJYrfV3N78yn29F57SzSinXUs=,FiJy7UQGX5mqh3wkYmPSb3UVCx4=
-2,14,vmjJYrfV3N78yn29F57SzSinXUs=,ldFV+N12M/UqTYt8FRuBsxZUK0g=
-2,15,vmjJYrfV3N78yn29F57SzSinXUs=,4ngQGtPjXgrjQXGbJaIeV4b1YYA=
-2,12,vmjJYrfV3N78yn29F57SzSinXUs=,Ur2o6ZZuL5fiFIN5OCcSNorhzxw=
-2,13,vmjJYrfV3N78yn29F57SzSinXUs=,9uHg5BqQ3a4wN7VfQ3TuPmA4GUc=
-2,10,vmjJYrfV3N78yn29F57SzSinXUs=,77twCWuS2QYzk1AscnqUHngTU6o=
-2,11,vmjJYrfV3N78yn29F57SzSinXUs=,77twCWuS2QYzk1AscnqUHngTU6o=
-2,8,vmjJYrfV3N78yn29F57SzSinXUs=,1Nb1whw4gnk6dTSKugDHL6K/GdQ=
-2,9,vmjJYrfV3N78yn29F57SzSinXUs=,CYDqMLeVJC14UUdmWFmIYM3K0SI=
-2,6,vmjJYrfV3N78yn29F57SzSinXUs=,7nAS+n/BRS7IRTzZS/INbg/FC1Q=
-2,7,vmjJYrfV3N78yn29F57SzSinXUs=,XdK+9cCDIeYqt18o2xUKJ26a3Ps=
-2,4,vmjJYrfV3N78yn29F57SzSinXUs=,ZnFeAZIXi8g6diuJQU9Y2SneZnw=
-2,5,vmjJYrfV3N78yn29F57SzSinXUs=,cXco436mN+jYSBcfdGcwSiNkX2w=
-2,2,vmjJYrfV3N78yn29F57SzSinXUs=,OPq5Tha1tJJkriyM97KIZGESfxY=
-2,3,vmjJYrfV3N78yn29F57SzSinXUs=,OPq5Tha1tJJkriyM97KIZGESfxY=
-2,0,vmjJYrfV3N78yn29F57SzSinXUs=,O8T5japslaLzJqyBSehp7bKo64s=
-2,1,vmjJYrfV3N78yn29F57SzSinXUs=,vNdbQJJ03/T+q62Y5lHHR53T5+A=
-1,19,vmjJYrfV3N78yn29F57SzSinXUs=,BQ1ixiGMmnO++dDv9zzdWLqD+jU=
-1,18,vmjJYrfV3N78yn29F57SzSinXUs=,BQ1ixiGMmnO++dDv9zzdWLqD+jU=
-1,17,vmjJYrfV3N78yn29F57SzSinXUs=,BQ1ixiGMmnO++dDv9zzdWLqD+jU=
-1,16,vmjJYrfV3N78yn29F57SzSinXUs=,PFP/wgbo51y3oB5H4B98fN6u/3w=
-1,15,vmjJYrfV3N78yn29F57SzSinXUs=,L0cynkuo5zbIMW9b5MLS5gNHXI0=
-1,14,vmjJYrfV3N78yn29F57SzSinXUs=,bJ6ST2IX51rtWF6YYHB/WCDo7Fc=
-1,13,vmjJYrfV3N78yn29F57SzSinXUs=,bJ6ST2IX51rtWF6YYHB/WCDo7Fc=
-1,12,vmjJYrfV3N78yn29F57SzSinXUs=,cxof9rGcsj1w9Fn/6HLtugF2cu0=
-1,11,vmjJYrfV3N78yn29F57SzSinXUs=,Fg9V2QnmMlufvS8hM1XyN7mVvxU=
-1,10,vmjJYrfV3N78yn29F57SzSinXUs=,Fg9V2QnmMlufvS8hM1XyN7mVvxU=
-1,9,vmjJYrfV3N78yn29F57SzSinXUs=,nx6OjSQEkAioj+4UnkDWCBSOkn0=
-1,8,vmjJYrfV3N78yn29F57SzSinXUs=,eLzfkbOTT6mp/tD4OvdrTzkZH1s=
-1,7,vmjJYrfV3N78yn29F57SzSinXUs=,pxki9YP/sngHTDKv4jyRuQQh9NI=
-1,6,vmjJYrfV3N78yn29F57SzSinXUs=,pxki9YP/sngHTDKv4jyRuQQh9NI=
-1,5,vmjJYrfV3N78yn29F57SzSinXUs=,grLpnQ15bv7zuK4sp5iobEXF1hQ=
-1,4,vmjJYrfV3N78yn29F57SzSinXUs=,77CJmgbJ4j8R20kFh9XRDMmkQao=
-1,3,vmjJYrfV3N78yn29F57SzSinXUs=,77CJmgbJ4j8R20kFh9XRDMmkQao=
-1,2,vmjJYrfV3N78yn29F57SzSinXUs=,77CJmgbJ4j8R20kFh9XRDMmkQao=
-1,1,vmjJYrfV3N78yn29F57SzSinXUs=,HwMjZ5OR2BOLAPKDnZ+b1X7woQc=
-1,0,jA+MefpRScf7JxKXYa3T6oP9nq8=,b52x8sTeErUot0yJ8WaO4iHhUOg=
