0,0,wbrqatKUb/phsa97lz9oN/sxtz4=,6k0Oj8wcSVA1Uh4xu/GWMUeuCNM=
0,1,wbrqatKUb/phsa97lz9oN/sxtz4=,gGUYn5Me3BS2SfqzTW8q9pIUTdA=
0,2,wbrqatKUb/phsa97lz9oN/sxtz4=,gGUYn5Me3BS2SfqzTW8q9pIUTdA=
0,3,wbrqatKUb/phsa97lz9oN/sxtz4=,gGUYn5Me3BS2SfqzTW8q9pIUTdA=
0,4,wbrqatKUb/phsa97lz9oN/sxtz4=,gGUYn5Me3BS2SfqzTW8q9pIUTdA=
0,5,wbrqatKUb/phsa97lz9oN/sxtz4=,2QrzD6iL3vTzVaPcUwHbG+rMX8Q=
0,6,wbrqatKUb/phsa97lz9oN/sxtz4=,pBq+LXlfDRf6evX2a+0Hjka7b+o=
0,7,wbrqatKUb/phsa97lz9oN/sxtz4=,jRW4NM6MQ5uNWH0rXTYDLynUthY=
0,8,wbrqatKUb/phsa97lz9oN/sxtz4=,8XhT1LOoA9LEwa94ewfHZV0u8Hk=
0,9,wbrqatKUb/phsa97lz9oN/sxtz4=,YSZQlZ1hkLBNpa7ILnnaF8dYQVI=
0,10,wbrqatKUb/phsa97lz9oN/sxtz4=,lkB6ZuJuVhV01xm8jSnGwRG/+Ss=
0,11,wbrqatKUb/phsa97lz9oN/sxtz4=,lkB6ZuJuVhV01xm8jSnGwRG/+Ss=
0,12,wbrqatKUb/phsa97lz9oN/sxtz4=,lkB6ZuJuVhV01xm8jSnGwRG/+Ss=
0,13,wbrqatKUb/phsa97lz9oN/sxtz4=,lkB6ZuJuVhV01xm8jSnGwRG/+Ss=
0,14,wbrqatKUb/phsa97lz9oN/sxtz4=,s9xE9RIJ3yhlZGTk4ywgYoP4S6E=
0,15,wbrqatKUb/phsa97lz9oN/sxtz4=,bAmC1P4bMDYKM07ix4pD02u1+fU=
0,16,wbrqatKUb/phsa97lz9oN/sxtz4=,4oY9V35zIY8TIxSr467GdYK4A8w=
0,17,wbrqatKUb/phsa97lz9oN/sxtz4=,4oY9V35zIY8TIxSr467GdYK4A8w=
0,18,wbrqatKUb/phsa97lz9oN/sxtz4=,4oY9V35zIY8TIxSr467GdYK4A8w=
0,19,wbrqatKUb/phsa97lz9oN/sxtz4=,4oY9V35zIY8TIxSr467GdYK4A8w=
1,1,wbrqatKUb/phsa97lz9oN/sxtz4=,bqHSnS7rsKpLx4Don8L03GjwIp8=
1,0,wbrqatKUb/phsa97lz9oN/sxtz4=,gJ2rsspIaC5mcAHUOlkShRtsNS0=
1,3,wbrqatKUb/phsa97lz9oN/sxtz4=,bqHSnS7rsKpLx4Don8L03GjwIp8=
1,2,wbrqatKUb/phsa97lz9oN/sxtz4=,bqHSnS7rsKpLx4Don8L03GjwIp8=
1,5,wbrqatKUb/phsa97lz9oN/sxtz4=,MmuNLrPZrCiPPtJJRNmbk0AsxLo=
1,4,wbrqatKUb/phsa97lz9oN/sxtz4=,hAJbbUiT+q2muYaD4GB45KgM4/c=
1,7,wbrqatKUb/phsa97lz9oN/sxtz4=,rkFCYy5L89k9fYNFed2gGu+EOuY=
1,6,wbrqatKUb/phsa97lz9oN/sxtz4=,vEcUK5gv8EVbkm1ysl7+qcOLE5k=
1,9,wbrqatKUb/phsa97lz9oN/sxtz4=,JRjTp1o+MEoPGtgEEdG2Plr4iHE=
1,8,wbrqatKUb/phsa97lz9oN/sxtz4=,/KozmssnEPFRtkp46ESWzbkq/Gk=
1,11,wbrqatKUb/phsa97lz9oN/sxtz4=,cyym87YLfZ7yT5qMl8+SWDumnvA=
1,10,wbrqatKUb/phsa97lz9oN/sxtz4=,MMVc1lW58Fo6VRKeeZlTUVZgVoY=
1,13,wbrqatKUb/phsa97lz9oN/sxtz4=,ln1k3LNG0DVOM4jjGhw4eO4z3hc=
1,12,wbrqatKUb/phsa97lz9oN/sxtz4=,cyym87YLfZ7yT5qMl8+SWDumnvA=
1,15,wbrqatKUb/phsa97lz9oN/sxtz4=,lgZGN7X8Z3MEp0AFyrOZxxQIOs4=
1,14,wbrqatKUb/phsa97lz9oN/sxtz4=,JYsdlTGy2MaeuTVWfh2BJlXfUfA=
1,17,wbrqatKUb/phsa97lz9oN/sxtz4=,w6/nHo7ktVWoeCStNS55sTPYu6c=
1,16,wbrqatKUb/phsa97lz9oN/sxtz4=,nlT5ddNCaTJUE92MM4Yh+v6YTMw=
1,19,wbrqatKUb/phsa97lz9oN/sxtz4=,4oY9V35zIY8TIxSr467GdYK4A8w=
1,18,wbrqatKUb/phsa97lz9oN/sxtz4=,aYCmWZ5lXuxoII2FSGWHoCylyoE=
2,2,wbrqatKUb/phsa97lz9oN/sxtz4=,1/6gA0u8NhjQvxjWScKczoApfdk=
2,3,wbrqatKUb/phsa97lz9oN/sxtz4=,F3rG6miLNnHqhy83Jia6jkOVnmk=
2,0,wbrqatKUb/phsa97lz9oN/sxtz4=,GRhU8/IJq6U5dSULbqRwqK6V5Y0=
2,1,wbrqatKUb/phsa97lz9oN/sxtz4=,1/6gA0u8NhjQvxjWScKczoApfdk=
2,6,wbrqatKUb/phsa97lz9oN/sxtz4=,Xtzm+xINw+aUuZWtMHLwlpV+6As=
2,7,wbrqatKUb/phsa97lz9oN/sxtz4=,oTJ//PCtJcZlXVhFhRknfoipNBU=
2,4,wbrqatKUb/phsa97lz9oN/sxtz4=,KF3jdqe/bvkm4GuoG/Xe1ClOYyc=
2,5,wbrqatKUb/phsa97lz9oN/sxtz4=,Xtzm+xINw+aUuZWtMHLwlpV+6As=
2,10,wbrqatKUb/phsa97lz9oN/sxtz4=,5mwSiDnGNLRxCHdtbkWH6NcC6IE=
2,11,wbrqatKUb/phsa97lz9oN/sxtz4=,YRhw67YYcmeiJrEZ1SxkZYm6G58=
2,8,wbrqatKUb/phsa97lz9oN/sxtz4=,5/aVt6ZzCiCdmRltqdmdot6X9WI=
2,9,wbrqatKUb/phsa97lz9oN/sxtz4=,Uc7mP8yAfs6JtOI3ufgI6fjwTjg=
2,14,wbrqatKUb/phsa97lz9oN/sxtz4=,J+oBcYzqmOrab/+UauyJcKVLEO4=
2,15,wbrqatKUb/phsa97lz9oN/sxtz4=,J+oBcYzqmOrab/+UauyJcKVLEO4=
2,12,wbrqatKUb/phsa97lz9oN/sxtz4=,NvvymOLXN5zVa8TK7PsnW3z62wU=
2,13,wbrqatKUb/phsa97lz9oN/sxtz4=,35kjVX3eVyyiSqJMfvuhp+Et7RI=
2,18,wbrqatKUb/phsa97lz9oN/sxtz4=,hONCkVRAjjX8zgHjbhQK30zj5lE=
2,19,wbrqatKUb/phsa97lz9oN/sxtz4=,4oY9V35zIY8TIxSr467GdYK4A8w=
2,16,wbrqatKUb/phsa97lz9oN/sxtz4=,lOp8H0vxE64LnSGxyHvB4EeQJno=
2,17,wbrqatKUb/phsa97lz9oN/sxtz4=,d/tyZFHEisrM6wMJR0+yvjyHF58=
3,3,wbrqatKUb/phsa97lz9oN/sxtz4=,SxKAnzF/D7akxx1D7AAr7k/+mcg=
3,2,wbrqatKUb/phsa97lz9oN/sxtz4=,buzikqKNH03EE7EaqmzJ0sRcqc4=
3,1,wbrqatKUb/phsa97lz9oN/sxtz4=,buzikqKNH03EE7EaqmzJ0sRcqc4=
3,0,wbrqatKUb/phsa97lz9oN/sxtz4=,wgvhgPZ2K8o5Wm5E82n+h6CHNUY=
3,7,wbrqatKUb/phsa97lz9oN/sxtz4=,txq+9CQWqcnvnn0m9SjYNXK1EH8=
3,6,wbrqatKUb/phsa97lz9oN/sxtz4=,ld3yZ/bDNTKgkec69tSiHwOvCyA=
3,5,wbrqatKUb/phsa97lz9oN/sxtz4=,ld3yZ/bDNTKgkec69tSiHwOvCyA=
3,4,wbrqatKUb/phsa97lz9oN/sxtz4=,KQx5m6GZcp0ggftZb0TdUbYJtHU=
3,11,wbrqatKUb/phsa97lz9oN/sxtz4=,UvVZS3e/uqp1vsEKVIajr/DmmbY=
3,10,wbrqatKUb/phsa97lz9oN/sxtz4=,o9IzqL+40AnUlKwWpKzPbYbJt4c=
3,9,wbrqatKUb/phsa97lz9oN/sxtz4=,uKgisPAN8EqEkdON+iATqDL3b7c=
3,8,wbrqatKUb/phsa97lz9oN/sxtz4=,lkB6ZuJuVhV01xm8jSnGwRG/+Ss=
3,15,wbrqatKUb/phsa97lz9oN/sxtz4=,J+oBcYzqmOrab/+UauyJcKVLEO4=
3,14,wbrqatKUb/phsa97lz9oN/sxtz4=,J+oBcYzqmOrab/+UauyJcKVLEO4=
3,13,wbrqatKUb/phsa97lz9oN/sxtz4=,35kjVX3eVyyiSqJMfvuhp+Et7RI=
3,12,wbrqatKUb/phsa97lz9oN/sxtz4=,+kXh/po+0+h2yV3qJUHRdKdjJ0Y=
3,19,wbrqatKUb/phsa97lz9oN/sxtz4=,4oY9V35zIY8TIxSr467GdYK4A8w=
3,18,IYd8Ilqpq+rM2ngVHp8V+uc+u0Y=,rmsLVmBBDxogGHO9CiXrrXCgFsM=
3,17,IYd8Ilqpq+rM2ngVHp8V+uc+u0Y=,7SAxLEQWTvoIixFNzdwmY6CR6Bc=
3,16,IYd8Ilqpq+rM2ngVHp8V+uc+u0Y=,fkYQWvycvLIfAk3A0IlczIEqzT0=
4,4,IYd8Ilqpq+rM2ngVHp8V+uc+u0Y=,kIkqyGOD1rKy8lQOAVr3GlUcKRI=
4,5,IYd8Ilqpq+rM2ngVHp8V+uc+u0Y=,e4E7TI9uWXpN6zeLxQNBip2xaI8=
4,6,IYd8Ilqpq+rM2ngVHp8V+uc+u0Y=,AX6YUwEKaeIQnKyab1Uv0lZvfsU=
4,7,IYd8Ilqpq+rM2ngVHp8V+uc+u0Y=,04osxKAx+ERhU+Osx8ujQMzhy10=
4,0,IYd8Ilqpq+rM2ngVHp8V+uc+u0Y=,nK++rQrAAkp7H9wh67AN31dy5+o=
4,1,IYd8Ilqpq+rM2ngVHp8V+uc+u0Y=,9TVNygefk45rKRLPFFygSZTKq7A=
4,2,IYd8Ilqpq+rM2ngVHp8V+uc+u0Y=,9TVNygefk45rKRLPFFygSZTKq7A=
4,3,IYd8Ilqpq+rM2ngVHp8V+uc+u0Y=,9TVNygefk45rKRLPFFygSZTKq7A=
4,12,IYd8Ilqpq+rM2ngVHp8V+uc+u0Y=,JAz9v/qH9c6+7c6LgFYSPbRGrR4=
4,13,IYd8Ilqpq+rM2ngVHp8V+uc+u0Y=,35kjVX3eVyyiSqJMfvuhp+Et7RI=
4,14,IYd8Ilqpq+rM2ngVHp8V+uc+u0Y=,J+oBcYzqmOrab/+UauyJcKVLEO4=
4,15,IYd8Ilqpq+rM2ngVHp8V+uc+u0Y=,J+oBcYzqmOrab/+UauyJcKVLEO4=
4,8,IYd8Ilqpq+rM2ngVHp8V+uc+u0Y=,GeKiXOLNcRT5gIHWwP4qopuzGaA=
4,9,IYd8Ilqpq+rM2ngVHp8V+uc+u0Y=,MCmRigkJTRExFZQ1PAmFvvuBis4=
4,10,IYd8Ilqpq+rM2ngVHp8V+uc+u0Y=,CV3zxAVbsx3vPzld21Q07gMo12Y=
4,11,IYd8Ilqpq+rM2ngVHp8V+uc+u0Y=,o9IzqL+40AnUlKwWpKzPbYbJt4c=
4,16,IYd8Ilqpq+rM2ngVHp8V+uc+u0Y=,DAPDQ5OOLqrIkfBMUx/fBB5e0UM=
4,17,IYd8Ilqpq+rM2ngVHp8V+uc+u0Y=,jY3oyWZztFccazOprY0xR7HnA80=
4,18,IYd8Ilqpq+rM2ngVHp8V+uc+u0Y=,iYaZu6oCj35pHIm11UTsijIQKxs=
4,19,IYd8Ilqpq+rM2ngVHp8V+uc+u0Y=,4oY9V35zIY8TIxSr467GdYK4A8w=
5,5,IYd8Ilqpq+rM2ngVHp8V+uc+u0Y=,jmee1UpcBUWOObhXXncdLhOJS5Y=
5,4,IYd8Ilqpq+rM2ngVHp8V+uc+u0Y=,jmee1UpcBUWOObhXXncdLhOJS5Y=
5,7,IYd8Ilqpq+rM2ngVHp8V+uc+u0Y=,gDSxp+WIOOGl4aorSJvl0PAo9fk=
5,6,IYd8Ilqpq+rM2ngVHp8V+uc+u0Y=,xAekq1IMv3yozknmTTO7IfmpU40=
5,1,IYd8Ilqpq+rM2ngVHp8V+uc+u0Y=,XZ5sWFHM8FbFPp7Ty4gfQUz35Lg=
5,0,IYd8Ilqpq+rM2ngVHp8V+uc+u0Y=,NfNOYynoERN02/LLiIqQ85t05qs=
5,3,IYd8Ilqpq+rM2ngVHp8V+uc+u0Y=,jmee1UpcBUWOObhXXncdLhOJS5Y=
5,2,IYd8Ilqpq+rM2ngVHp8V+uc+u0Y=,jmee1UpcBUWOObhXXncdLhOJS5Y=
5,13,IYd8Ilqpq+rM2ngVHp8V+uc+u0Y=,BKua/vy0EDjQg7bExeEy4yzlxmo=
5,12,IYd8Ilqpq+rM2ngVHp8V+uc+u0Y=,tuywUGFc1lyCaOOSTpdEl5zLiSs=
5,15,IYd8Ilqpq+rM2ngVHp8V+uc+u0Y=,J+oBcYzqmOrab/+UauyJcKVLEO4=
5,14,IYd8Ilqpq+rM2ngVHp8V+uc+u0Y=,a8vCkCfDtUWB/S4ZfGlDXz7CytE=
5,9,IYd8Ilqpq+rM2ngVHp8V+uc+u0Y=,CV3zxAVbsx3vPzld21Q07gMo12Y=
5,8,IYd8Ilqpq+rM2ngVHp8V+uc+u0Y=,CV3zxAVbsx3vPzld21Q07gMo12Y=
5,11,IYd8Ilqpq+rM2ngVHp8V+uc+u0Y=,CV3zxAVbsx3vPzld21Q07gMo12Y=
5,10,IYd8Ilqpq+rM2ngVHp8V+uc+u0Y=,CV3zxAVbsx3vPzld21Q07gMo12Y=
5,17,IYd8Ilqpq+rM2ngVHp8V+uc+u0Y=,B+Edw8ZwQ4ppMET0NuVBmHUdT6c=
5,16,IYd8Ilqpq+rM2ngVHp8V+uc+u0Y=,VExcXapHIzMKP9n8gZ3xedS2BvU=
5,19,IYd8Ilqpq+rM2ngVHp8V+uc+u0Y=,4oY9V35zIY8TIxSr467GdYK4A8w=
5,18,IYd8Ilqpq+rM2ngVHp8V+uc+u0Y=,e1DSdWfNbUctevwjWK8yAoJTZsQ=
6,6,IYd8Ilqpq+rM2ngVHp8V+uc+u0Y=,pRQLHj1v1trpnw4lHkCZhaOCh1k=
6,7,IYd8Ilqpq+rM2ngVHp8V+uc+u0Y=,QWA2JP+yXgvzTkK3x7KSLVVqR/I=
6,4,IYd8Ilqpq+rM2ngVHp8V+uc+u0Y=,pRQLHj1v1trpnw4lHkCZhaOCh1k=
6,5,IYd8Ilqpq+rM2ngVHp8V+uc+u0Y=,pRQLHj1v1trpnw4lHkCZhaOCh1k=
6,2,IYd8Ilqpq+rM2ngVHp8V+uc+u0Y=,pRQLHj1v1trpnw4lHkCZhaOCh1k=
6,3,IYd8Ilqpq+rM2ngVHp8V+uc+u0Y=,pRQLHj1v1trpnw4lHkCZhaOCh1k=
6,0,IYd8Ilqpq+rM2ngVHp8V+uc+u0Y=,dWo9rjp0qRhixHArNDA8YhlA35I=
6,1,IYd8Ilqpq+rM2ngVHp8V+uc+u0Y=,30qFlJJu7F4jb+SOnUpYgQc9RkU=
6,14,IYd8Ilqpq+rM2ngVHp8V+uc+u0Y=,xfPcHnBIPxOtRryma2HJaMZ6DRs=
6,15,IYd8Ilqpq+rM2ngVHp8V+uc+u0Y=,a8vCkCfDtUWB/S4ZfGlDXz7CytE=
6,12,IYd8Ilqpq+rM2ngVHp8V+uc+u0Y=,MwJHFcNJ/tfz1cH9VfJfq3n7XLs=
6,13,IYd8Ilqpq+rM2ngVHp8V+uc+u0Y=,JLaTIbgcHbT5EOJemyobCA5eH2U=
6,10,IYd8Ilqpq+rM2ngVHp8V+uc+u0Y=,EGp3+1nFfJSYWu4oqORhuvpXmTM=
6,11,IYd8Ilqpq+rM2ngVHp8V+uc+u0Y=,oICEWFzgXIjMnTFhIFnTQtyNKJY=
6,8,IYd8Ilqpq+rM2ngVHp8V+uc+u0Y=,dmaS6KJyz61o6mEyMFY1QsD3wb8=
6,9,IYd8Ilqpq+rM2ngVHp8V+uc+u0Y=,JAoka6pznP/TOJusGlwcT0kkP/g=
6,18,IYd8Ilqpq+rM2ngVHp8V+uc+u0Y=,KTvO2hOy/rJ4z2WQPKj+kBDbjVw=
6,19,IYd8Ilqpq+rM2ngVHp8V+uc+u0Y=,JEGz9jkReG7KEFN8SXa4s+6tISc=
6,16,IYd8Ilqpq+rM2ngVHp8V+uc+u0Y=,XCEoFs6eNpLhOWQ/BS0C5bszn1Y=
6,17,IYd8Ilqpq+rM2ngVHp8V+uc+u0Y=,RR3x6DAw30bPWs8d+5cwGjfFXvY=
7,7,IYd8Ilqpq+rM2ngVHp8V+uc+u0Y=,dWo9rjp0qRhixHArNDA8YhlA35I=
7,6,IYd8Ilqpq+rM2ngVHp8V+uc+u0Y=,dWo9rjp0qRhixHArNDA8YhlA35I=
7,5,IYd8Ilqpq+rM2ngVHp8V+uc+u0Y=,dWo9rjp0qRhixHArNDA8YhlA35I=
7,4,IYd8Ilqpq+rM2ngVHp8V+uc+u0Y=,dWo9rjp0qRhixHArNDA8YhlA35I=
7,3,IYd8Ilqpq+rM2ngVHp8V+uc+u0Y=,dWo9rjp0qRhixHArNDA8YhlA35I=
7,2,IYd8Ilqpq+rM2ngVHp8V+uc+u0Y=,dWo9rjp0qRhixHArNDA8YhlA35I=
7,1,IYd8Ilqpq+rM2ngVHp8V+uc+u0Y=,dWo9rjp0qRhixHArNDA8YhlA35I=
7,0,IYd8Ilqpq+rM2ngVHp8V+uc+u0Y=,dWo9rjp0qRhixHArNDA8YhlA35I=
7,15,IYd8Ilqpq+rM2ngVHp8V+uc+u0Y=,M+mukM8xOuWR65PjSawO10UFEmE=
7,14,IYd8Ilqpq+rM2ngVHp8V+uc+u0Y=,mssHgkUtI+3BXvNEddcPRgBT4+Q=
7,13,IYd8Ilqpq+rM2ngVHp8V+uc+u0Y=,mssHgkUtI+3BXvNEddcPRgBT4+Q=
7,12,IYd8Ilqpq+rM2ngVHp8V+uc+u0Y=,mssHgkUtI+3BXvNEddcPRgBT4+Q=
7,11,IYd8Ilqpq+rM2ngVHp8V+uc+u0Y=,mssHgkUtI+3BXvNEddcPRgBT4+Q=
7,10,IYd8Ilqpq+rM2ngVHp8V+uc+u0Y=,c/T333E167dATG2EcvYBYm5cTgE=
7,9,Je/HQpRhr4Tn6lIRaoRX6UG85Fc=,/VtsLtPTR60U1KIIDRmVIFK/2PA=
7,8,Je/HQpRhr4Tn6lIRaoRX6UG85Fc=,SLQvf6fxEngl4XYUDmwkqnHol/k=
7,19,Je/HQpRhr4Tn6lIRaoRX6UG85Fc=,RjhQFUOaUD5KzuN3tvZxKlZN8ek=
7,18,Je/HQpRhr4Tn6lIRaoRX6UG85Fc=,RjhQFUOaUD5KzuN3tvZxKlZN8ek=
7,17,Je/HQpRhr4Tn6lIRaoRX6UG85Fc=,HjzxEmQIfzqQp+7dkqJnzeCXyFo=
7,16,Je/HQpRhr4Tn6lIRaoRX6UG85Fc=,lS7MK2zu+HTaVQ79Uwi2G8lYkD4=
8,8,Je/HQpRhr4Tn6lIRaoRX6UG85Fc=,8xFuTHu80UKo6JKyeZqs5Ou7P+4=
8,9,Je/HQpRhr4Tn6lIRaoRX6UG85Fc=,8xFuTHu80UKo6JKyeZqs5Ou7P+4=
8,10,Je/HQpRhr4Tn6lIRaoRX6UG85Fc=,8xFuTHu80UKo6JKyeZqs5Ou7P+4=
8,11,Je/HQpRhr4Tn6lIRaoRX6UG85Fc=,8xFuTHu80UKo6JKyeZqs5Ou7P+4=
8,12,Je/HQpRhr4Tn6lIRaoRX6UG85Fc=,8xFuTHu80UKo6JKyeZqs5Ou7P+4=
8,13,Je/HQpRhr4Tn6lIRaoRX6UG85Fc=,8xFuTHu80UKo6JKyeZqs5Ou7P+4=
8,14,Je/HQpRhr4Tn6lIRaoRX6UG85Fc=,8xFuTHu80UKo6JKyeZqs5Ou7P+4=
8,15,Je/HQpRhr4Tn6lIRaoRX6UG85Fc=,8xFuTHu80UKo6JKyeZqs5Ou7P+4=
8,0,Je/HQpRhr4Tn6lIRaoRX6UG85Fc=,RKAWIylGrzZ+VtBwTIfbF3ORk+o=
8,1,Je/HQpRhr4Tn6lIRaoRX6UG85Fc=,RKAWIylGrzZ+VtBwTIfbF3ORk+o=
8,2,Je/HQpRhr4Tn6lIRaoRX6UG85Fc=,RKAWIylGrzZ+VtBwTIfbF3ORk+o=
8,3,Je/HQpRhr4Tn6lIRaoRX6UG85Fc=,ncFUlrjC4aZ0XJJ8WF6u39mABxw=
8,4,Je/HQpRhr4Tn6lIRaoRX6UG85Fc=,Otff5qOHw9FYXEPASI7/WThoRHs=
8,5,Je/HQpRhr4Tn6lIRaoRX6UG85Fc=,P3NbT60O7Lrx/8MT/c8OktxRI98=
8,6,Je/HQpRhr4Tn6lIRaoRX6UG85Fc=,46Y9P/trD99HIyp734235WndBqg=
8,7,Je/HQpRhr4Tn6lIRaoRX6UG85Fc=,RKAWIylGrzZ+VtBwTIfbF3ORk+o=
8,16,Je/HQpRhr4Tn6lIRaoRX6UG85Fc=,BMovEtD9ax56/ALKuKgRvEOg1ZA=
8,17,Je/HQpRhr4Tn6lIRaoRX6UG85Fc=,BMovEtD9ax56/ALKuKgRvEOg1ZA=
8,18,Je/HQpRhr4Tn6lIRaoRX6UG85Fc=,BMovEtD9ax56/ALKuKgRvEOg1ZA=
8,19,Je/HQpRhr4Tn6lIRaoRX6UG85Fc=,BMovEtD9ax56/ALKuKgRvEOg1ZA=
9,9,Je/HQpRhr4Tn6lIRaoRX6UG85Fc=,Hq7HPBOyJJyNC22S8yLEkiLPVC8=
9,8,Je/HQpRhr4Tn6lIRaoRX6UG85Fc=,/GO1QOcxxmDaUM8I5tCpRUUF5YY=
9,11,Je/HQpRhr4Tn6lIRaoRX6UG85Fc=,i4UyvfNvatcMIfNAN5+TuTzWNgg=
9,10,Je/HQpRhr4Tn6lIRaoRX6UG85Fc=,uN52zFydLdDjKhmtLQv7BlSXfTg=
9,13,Je/HQpRhr4Tn6lIRaoRX6UG85Fc=,c1Nuk6nPR6/BnTjnxpfit/wf2Sw=
9,12,Je/HQpRhr4Tn6lIRaoRX6UG85Fc=,c1Nuk6nPR6/BnTjnxpfit/wf2Sw=
9,15,Je/HQpRhr4Tn6lIRaoRX6UG85Fc=,8xFuTHu80UKo6JKyeZqs5Ou7P+4=
9,14,Je/HQpRhr4Tn6lIRaoRX6UG85Fc=,CMYeIMBJYXqy3bcqBX2jfePir9E=
9,1,Je/HQpRhr4Tn6lIRaoRX6UG85Fc=,RKAWIylGrzZ+VtBwTIfbF3ORk+o=
9,0,Je/HQpRhr4Tn6lIRaoRX6UG85Fc=,RKAWIylGrzZ+VtBwTIfbF3ORk+o=
9,3,Je/HQpRhr4Tn6lIRaoRX6UG85Fc=,wLW7cfe++fSZw057XHKKz7n5ckA=
9,2,Je/HQpRhr4Tn6lIRaoRX6UG85Fc=,RKAWIylGrzZ+VtBwTIfbF3ORk+o=
9,5,Je/HQpRhr4Tn6lIRaoRX6UG85Fc=,LOTNveEfwoRLj3KYCUY+xK6Y7eg=
9,4,Je/HQpRhr4Tn6lIRaoRX6UG85Fc=,jOu97Hh5eeobc1geU69SVeLfkm8=
9,7,Je/HQpRhr4Tn6lIRaoRX6UG85Fc=,46Y9P/trD99HIyp734235WndBqg=
9,6,Je/HQpRhr4Tn6lIRaoRX6UG85Fc=,0mIFST7EVHSsOBubmG4ZA2Fw6Ts=
9,17,Je/HQpRhr4Tn6lIRaoRX6UG85Fc=,BMovEtD9ax56/ALKuKgRvEOg1ZA=
9,16,Je/HQpRhr4Tn6lIRaoRX6UG85Fc=,BMovEtD9ax56/ALKuKgRvEOg1ZA=
9,19,Je/HQpRhr4Tn6lIRaoRX6UG85Fc=,BMovEtD9ax56/ALKuKgRvEOg1ZA=
9,18,Je/HQpRhr4Tn6lIRaoRX6UG85Fc=,BMovEtD9ax56/ALKuKgRvEOg1ZA=
10,10,Je/HQpRhr4Tn6lIRaoRX6UG85Fc=,EAxwhYrQyVKH8r1KtqTxd/i/rsQ=
10,11,Je/HQpRhr4Tn6lIRaoRX6UG85Fc=,kRMKjs6llfu2iVX9QqA3GpQM76Q=
10,8,Je/HQpRhr4Tn6lIRaoRX6UG85Fc=,yUcwtn+eF6lWw0rCpQWv2SqL65o=
10,9,Je/HQpRhr4Tn6lIRaoRX6UG85Fc=,XKSrDCf8aAwSgzWYMoK3M9wn2IM=
10,14,Je/HQpRhr4Tn6lIRaoRX6UG85Fc=,kOY3Nc2BnP5zwbCs/yzGKfLDJIE=
10,15,Je/HQpRhr4Tn6lIRaoRX6UG85Fc=,8xFuTHu80UKo6JKyeZqs5Ou7P+4=
10,12,Je/HQpRhr4Tn6lIRaoRX6UG85Fc=,1RHGYtsxJAb3xz07d3wkm6KOI5I=
10,13,Je/HQpRhr4Tn6lIRaoRX6UG85Fc=,+lBHPydMqEBfHAkV1mYZPWGZmhU=
10,2,Je/HQpRhr4Tn6lIRaoRX6UG85Fc=,RKAWIylGrzZ+VtBwTIfbF3ORk+o=
10,3,Je/HQpRhr4Tn6lIRaoRX6UG85Fc=,wLW7cfe++fSZw057XHKKz7n5ckA=
10,0,Je/HQpRhr4Tn6lIRaoRX6UG85Fc=,RUdasAYFvYnXa9eGrb6VKCFcfrY=
10,1,Je/HQpRhr4Tn6lIRaoRX6UG85Fc=,DT5nOtWzpQf96EdS3kMf0qUO+50=
10,6,Je/HQpRhr4Tn6lIRaoRX6UG85Fc=,2urU4zVZ0J4WMZxAUD65M6NTudY=
10,7,Je/HQpRhr4Tn6lIRaoRX6UG85Fc=,KDY7krB9SNBqxMZBG1hL8PG5yvs=
10,4,Je/HQpRhr4Tn6lIRaoRX6UG85Fc=,0ZKSh7jBNw/Pl31n+kxR4yzSukQ=
10,5,Je/HQpRhr4Tn6lIRaoRX6UG85Fc=,2urU4zVZ0J4WMZxAUD65M6NTudY=
10,18,Je/HQpRhr4Tn6lIRaoRX6UG85Fc=,x34cqt5AYizrVPKwWfjFdYFVyIU=
10,19,Je/HQpRhr4Tn6lIRaoRX6UG85Fc=,BMovEtD9ax56/ALKuKgRvEOg1ZA=
10,16,Je/HQpRhr4Tn6lIRaoRX6UG85Fc=,JAq3MGsk3E4wxNSx0hjMU17eET8=
10,17,Je/HQpRhr4Tn6lIRaoRX6UG85Fc=,h31TtGRRJujcq+Rv9nv6AR+eBWk=
11,11,Je/HQpRhr4Tn6lIRaoRX6UG85Fc=,kRMKjs6llfu2iVX9QqA3GpQM76Q=
11,10,Je/HQpRhr4Tn6lIRaoRX6UG85Fc=,EAxwhYrQyVKH8r1KtqTxd/i/rsQ=
11,9,Je/HQpRhr4Tn6lIRaoRX6UG85Fc=,XKSrDCf8aAwSgzWYMoK3M9wn2IM=
11,8,Je/HQpRhr4Tn6lIRaoRX6UG85Fc=,yUcwtn+eF6lWw0rCpQWv2SqL65o=
11,15,Je/HQpRhr4Tn6lIRaoRX6UG85Fc=,OsTEZtkxUVqft+tP/3aTxXSCYPE=
11,14,Je/HQpRhr4Tn6lIRaoRX6UG85Fc=,/ZkpWoUBWHvHY8mpOUiOyCIRR2A=
11,13,Je/HQpRhr4Tn6lIRaoRX6UG85Fc=,dAGd5olgWSBrI+lFhZuYMCDbnaM=
11,12,Je/HQpRhr4Tn6lIRaoRX6UG85Fc=,91qSGsQ2tJ968R7qXQjQ966TUko=
11,3,Je/HQpRhr4Tn6lIRaoRX6UG85Fc=,wLW7cfe++fSZw057XHKKz7n5ckA=
11,2,Je/HQpRhr4Tn6lIRaoRX6UG85Fc=,KG/aKt2bB033CX/o0hYvSskskrE=
11,1,Je/HQpRhr4Tn6lIRaoRX6UG85Fc=,mqOPqP9V/3RXSW2+s8XHmrTRVr4=
11,0,F9hhSUlwQLZfrsVHoVAPyobsiFo=,KG/aKt2bB033CX/o0hYvSskskrE=
11,7,F9hhSUlwQLZfrsVHoVAPyobsiFo=,0mIFST7EVHSsOBubmG4ZA2Fw6Ts=
11,6,F9hhSUlwQLZfrsVHoVAPyobsiFo=,2urU4zVZ0J4WMZxAUD65M6NTudY=
11,5,F9hhSUlwQLZfrsVHoVAPyobsiFo=,2urU4zVZ0J4WMZxAUD65M6NTudY=
11,4,F9hhSUlwQLZfrsVHoVAPyobsiFo=,0ZKSh7jBNw/Pl31n+kxR4yzSukQ=
11,19,F9hhSUlwQLZfrsVHoVAPyobsiFo=,BMovEtD9ax56/ALKuKgRvEOg1ZA=
11,18,F9hhSUlwQLZfrsVHoVAPyobsiFo=,9Is5ZEZvV1Z34Q0OcJ37Vml9xAE=
11,17,F9hhSUlwQLZfrsVHoVAPyobsiFo=,1jtptzvVQAgzEuVd1AP19Yl2B68=
11,16,F9hhSUlwQLZfrsVHoVAPyobsiFo=,fE+b8EaUN7q9Zl1+pQI34Xn/R1A=
12,12,F9hhSUlwQLZfrsVHoVAPyobsiFo=,7CmClosdROIJiezXu2T0UhtJFKU=
12,13,F9hhSUlwQLZfrsVHoVAPyobsiFo=,Manri4ZQW34HKcNScpCaEoTNffE=
12,14,F9hhSUlwQLZfrsVHoVAPyobsiFo=,c7aW7JkdznfNwGE49GChvXv/gv4=
12,15,F9hhSUlwQLZfrsVHoVAPyobsiFo=,GLBVO4rXajFy9O8AeEPPJ8nVRwE=
12,8,F9hhSUlwQLZfrsVHoVAPyobsiFo=,3A1nxIxX/XxDvBwZ5r5Ik1mP1SM=
12,9,F9hhSUlwQLZfrsVHoVAPyobsiFo=,4UiA/AOQVqEQoMLeHaaKiMna0eA=
12,10,F9hhSUlwQLZfrsVHoVAPyobsiFo=,lnreZ8+xDKVMOS/cZNHHkI1GQ1Q=
12,11,F9hhSUlwQLZfrsVHoVAPyobsiFo=,X09ZCLq4uVf6rqnnCJVl3yPdGFQ=
12,4,F9hhSUlwQLZfrsVHoVAPyobsiFo=,Z32dqA+Bd/+Dz+LjeKBq/GYJK28=
12,5,F9hhSUlwQLZfrsVHoVAPyobsiFo=,PHnqg1W1xfy6BmRyg9/d1YXcjj8=
12,6,F9hhSUlwQLZfrsVHoVAPyobsiFo=,PHnqg1W1xfy6BmRyg9/d1YXcjj8=
12,7,F9hhSUlwQLZfrsVHoVAPyobsiFo=,y/rWf1ZMypS6w73vXvyNhO6ctpw=
12,0,F9hhSUlwQLZfrsVHoVAPyobsiFo=,KG/aKt2bB033CX/o0hYvSskskrE=
12,1,F9hhSUlwQLZfrsVHoVAPyobsiFo=,Q4alHPDHp8OFa0eEIibM0CUDiWw=
12,2,F9hhSUlwQLZfrsVHoVAPyobsiFo=,v1+h6zN7tN57kAI7zcoQ+thf6k4=
12,3,F9hhSUlwQLZfrsVHoVAPyobsiFo=,wez07WJ9l+12aAQRtaWMXgW0X40=
12,16,F9hhSUlwQLZfrsVHoVAPyobsiFo=,fE+b8EaUN7q9Zl1+pQI34Xn/R1A=
12,17,F9hhSUlwQLZfrsVHoVAPyobsiFo=,1jtptzvVQAgzEuVd1AP19Yl2B68=
12,18,F9hhSUlwQLZfrsVHoVAPyobsiFo=,9Is5ZEZvV1Z34Q0OcJ37Vml9xAE=
12,19,F9hhSUlwQLZfrsVHoVAPyobsiFo=,BMovEtD9ax56/ALKuKgRvEOg1ZA=
13,13,F9hhSUlwQLZfrsVHoVAPyobsiFo=,pSiePW84RoBavF/W0Rj+mtAn4gc=
13,12,F9hhSUlwQLZfrsVHoVAPyobsiFo=,QX0eymwcoB+CsUJBJd965KTWY6Q=
13,15,F9hhSUlwQLZfrsVHoVAPyobsiFo=,GLBVO4rXajFy9O8AeEPPJ8nVRwE=
13,14,F9hhSUlwQLZfrsVHoVAPyobsiFo=,pSiePW84RoBavF/W0Rj+mtAn4gc=
13,9,F9hhSUlwQLZfrsVHoVAPyobsiFo=,QgQ7IQfjCjoRxcHF2CzvsrYaKEc=
13,8,F9hhSUlwQLZfrsVHoVAPyobsiFo=,QgQ7IQfjCjoRxcHF2CzvsrYaKEc=
13,11,F9hhSUlwQLZfrsVHoVAPyobsiFo=,/9gPASg19MjQ9akBulv56xEexRA=
13,10,F9hhSUlwQLZfrsVHoVAPyobsiFo=,QNwg0VUzSbVuyFCmFiZknPoYKAs=
13,5,F9hhSUlwQLZfrsVHoVAPyobsiFo=,N7dywVtxwGrQE+kDGu8p7EhS+Zg=
13,4,F9hhSUlwQLZfrsVHoVAPyobsiFo=,0T3dZfsO7KcBBXVHik+nYQqoV0M=
13,7,F9hhSUlwQLZfrsVHoVAPyobsiFo=,GUpiR0CmwH4QnVEp/IQ3m1zyRuE=
13,6,F9hhSUlwQLZfrsVHoVAPyobsiFo=,u+9GdwZ9fIODlhDbPTAnHBUDHOg=
13,1,F9hhSUlwQLZfrsVHoVAPyobsiFo=,PmYas9ubFxjNOzIvzMy38Fgyh38=
13,0,F9hhSUlwQLZfrsVHoVAPyobsiFo=,KG/aKt2bB033CX/o0hYvSskskrE=
13,3,F9hhSUlwQLZfrsVHoVAPyobsiFo=,qQ6AiPT9OGGDLcIthFvyE2BTt2Q=
13,2,F9hhSUlwQLZfrsVHoVAPyobsiFo=,nAKuO5koW5bSHkVvWIhBTuaGu/w=
13,17,F9hhSUlwQLZfrsVHoVAPyobsiFo=,WfR9OFEcH+mSKHmZtqR7rUy5y1s=
13,16,F9hhSUlwQLZfrsVHoVAPyobsiFo=,fE+b8EaUN7q9Zl1+pQI34Xn/R1A=
13,19,F9hhSUlwQLZfrsVHoVAPyobsiFo=,BMovEtD9ax56/ALKuKgRvEOg1ZA=
13,18,F9hhSUlwQLZfrsVHoVAPyobsiFo=,DrVmYE+wgBoReHxRmCFBYVz0Jvo=
14,14,F9hhSUlwQLZfrsVHoVAPyobsiFo=,pSiePW84RoBavF/W0Rj+mtAn4gc=
14,15,F9hhSUlwQLZfrsVHoVAPyobsiFo=,GLBVO4rXajFy9O8AeEPPJ8nVRwE=
14,12,F9hhSUlwQLZfrsVHoVAPyobsiFo=,6n7h7k2KyBYtgiRHHtwY18S9QNo=
14,13,F9hhSUlwQLZfrsVHoVAPyobsiFo=,Ds4bjb22nHL20CT8GoueNOYh56Q=
14,10,F9hhSUlwQLZfrsVHoVAPyobsiFo=,UmdIbtzfObHTrFxjzX9Y7on1tUk=
14,11,F9hhSUlwQLZfrsVHoVAPyobsiFo=,/9gPASg19MjQ9akBulv56xEexRA=
14,8,F9hhSUlwQLZfrsVHoVAPyobsiFo=,7cdNSDDCZQVElDH/rIvAFHJQhHU=
14,9,F9hhSUlwQLZfrsVHoVAPyobsiFo=,25gVyxglRiHZYdyv3pJPnDGLKNw=
14,6,F9hhSUlwQLZfrsVHoVAPyobsiFo=,zZCiDY9iXuUphPiAa3BYZ5zl9TM=
14,7,F9hhSUlwQLZfrsVHoVAPyobsiFo=,F3X6geakWbjVEzedVuSLqb2GCO0=
14,4,F9hhSUlwQLZfrsVHoVAPyobsiFo=,/9rLrnBTEEo1+F5njyYxus7lezI=
14,5,F9hhSUlwQLZfrsVHoVAPyobsiFo=,qQ6AiPT9OGGDLcIthFvyE2BTt2Q=
14,2,F9hhSUlwQLZfrsVHoVAPyobsiFo=,ntWpw7Ql8MpUujyzDR2z/nnIXD0=
14,3,F9hhSUlwQLZfrsVHoVAPyobsiFo=,RKn7zvM97KsfNQuxz9tAp+EYbpM=
14,0,F9hhSUlwQLZfrsVHoVAPyobsiFo=,+viaZlzEoqNmoLvqUqhkAo90khw=
14,1,F9hhSUlwQLZfrsVHoVAPyobsiFo=,GUqDXpZe/EeDmbco3jSsPuhdUIM=
14,18,F9hhSUlwQLZfrsVHoVAPyobsiFo=,6pu51boE06tTGHOYuSlovh8A1DY=
14,19,F9hhSUlwQLZfrsVHoVAPyobsiFo=,BMovEtD9ax56/ALKuKgRvEOg1ZA=
14,16,F9hhSUlwQLZfrsVHoVAPyobsiFo=,5XRFveiwvvTea7BijFqptfDoKgo=
14,17,F9hhSUlwQLZfrsVHoVAPyobsiFo=,AdiQVydd9zcQhTRwUhRoqETt+OU=
15,15,F9hhSUlwQLZfrsVHoVAPyobsiFo=,d3wxClDIgLKQguqK6QCE4uGrUZw=
15,14,F9hhSUlwQLZfrsVHoVAPyobsiFo=,TEyAyhT0pZHcpmvmQxa4u4ZBHEg=
15,13,F9hhSUlwQLZfrsVHoVAPyobsiFo=,NyG/B3ZlTtAEpP1SaN3Zey6D0tw=
15,12,F9hhSUlwQLZfrsVHoVAPyobsiFo=,AM4fFOU98MKgHKSDyjl0a37y2lg=
15,11,F9hhSUlwQLZfrsVHoVAPyobsiFo=,YnCKBd9poOqm6rejPnY6ZANDH6s=
15,10,F9hhSUlwQLZfrsVHoVAPyobsiFo=,p6bkB4LYh1NvIgbdBlJ42qxVUbE=
15,9,F9hhSUlwQLZfrsVHoVAPyobsiFo=,CaX54WiP8q0ktB0HA68VU7W0O0g=
15,8,F9hhSUlwQLZfrsVHoVAPyobsiFo=,czDabzTZPzKT9XPkKNd0PytSv5w=
15,7,F9hhSUlwQLZfrsVHoVAPyobsiFo=,ukeGqrX7e3eA/4PE0Nqg4CMTQ2M=
15,6,F9hhSUlwQLZfrsVHoVAPyobsiFo=,OAS7id52h1jqBAEIEvKMv+XL+38=
15,5,F9hhSUlwQLZfrsVHoVAPyobsiFo=,23HNgBR1LOT1ZLb/MBuU4NyOgfY=
15,4,F9hhSUlwQLZfrsVHoVAPyobsiFo=,23HNgBR1LOT1ZLb/MBuU4NyOgfY=
15,3,F9hhSUlwQLZfrsVHoVAPyobsiFo=,VTou4+WiuaiZE2HQBNt5MiH8Wcs=
15,2,/bSAbooI41sNrJn6GR+B9+geqwU=,N3Ng6RkBzYdIYdmGucD7EEfSTR8=
15,1,/bSAbooI41sNrJn6GR+B9+geqwU=,vx0cPkj0jYDEBjmoTH+5/1maQe0=
15,0,/bSAbooI41sNrJn6GR+B9+geqwU=,RSjRuS9EnoO7laDhPFKpc4Gq2Xs=
15,19,/bSAbooI41sNrJn6GR+B9+geqwU=,BMovEtD9ax56/ALKuKgRvEOg1ZA=
15,18,/bSAbooI41sNrJn6GR+B9+geqwU=,FnjXPBI3lCUYxgWR4FzbVviVODc=
15,17,/bSAbooI41sNrJn6GR+B9+geqwU=,xnQoQEdL4c1sHMun0ri6aoih1So=
15,16,/bSAbooI41sNrJn6GR+B9+geqwU=,BMovEtD9ax56/ALKuKgRvEOg1ZA=
16,16,/bSAbooI41sNrJn6GR+B9+geqwU=,Uab7x2YNIXCkMVXKkAaOYIURnZ8=
16,17,/bSAbooI41sNrJn6GR+B9+geqwU=,Uab7x2YNIXCkMVXKkAaOYIURnZ8=
16,18,/bSAbooI41sNrJn6GR+B9+geqwU=,Uab7x2YNIXCkMVXKkAaOYIURnZ8=
16,19,/bSAbooI41sNrJn6GR+B9+geqwU=,Uab7x2YNIXCkMVXKkAaOYIURnZ8=
16,0,/bSAbooI41sNrJn6GR+B9+geqwU=,FP95IOhEY+U7ny8ZOnUg4uQvtHc=
16,1,/bSAbooI41sNrJn6GR+B9+geqwU=,FP95IOhEY+U7ny8ZOnUg4uQvtHc=
16,2,/bSAbooI41sNrJn6GR+B9+geqwU=,FP95IOhEY+U7ny8ZOnUg4uQvtHc=
16,3,/bSAbooI41sNrJn6GR+B9+geqwU=,Lme4eva/QW8oU+hhslBOcc3Iygg=
16,4,/bSAbooI41sNrJn6GR+B9+geqwU=,JX5EUOZQeXEZ9sBuUOpxOHBKkmY=
16,5,/bSAbooI41sNrJn6GR+B9+geqwU=,FP95IOhEY+U7ny8ZOnUg4uQvtHc=
16,6,/bSAbooI41sNrJn6GR+B9+geqwU=,FP95IOhEY+U7ny8ZOnUg4uQvtHc=
16,7,/bSAbooI41sNrJn6GR+B9+geqwU=,FP95IOhEY+U7ny8ZOnUg4uQvtHc=
16,8,/bSAbooI41sNrJn6GR+B9+geqwU=,II7C+xxYeNTTKy1En3QtGEFY9+A=
16,9,/bSAbooI41sNrJn6GR+B9+geqwU=,RMSmGL0KcCBpAEHYoJH42/KAZJk=
16,10,/bSAbooI41sNrJn6GR+B9+geqwU=,b5bcit1s8YTQQRX7rhya+x2O2zE=
16,11,/bSAbooI41sNrJn6GR+B9+geqwU=,OU2z6IvgP5Te4IUdc3pDiyUa5sY=
16,12,/bSAbooI41sNrJn6GR+B9+geqwU=,5DKbK7KgarRucA1xcqx3iKyCACc=
16,13,/bSAbooI41sNrJn6GR+B9+geqwU=,tL28ZxJR1KRFlzbCzeUs+BDbsdk=
16,14,/bSAbooI41sNrJn6GR+B9+geqwU=,As1j0YunhBH9prjwHybKtlAWi6E=
16,15,/bSAbooI41sNrJn6GR+B9+geqwU=,As1j0YunhBH9prjwHybKtlAWi6E=
17,17,/bSAbooI41sNrJn6GR+B9+geqwU=,Uab7x2YNIXCkMVXKkAaOYIURnZ8=
17,16,/bSAbooI41sNrJn6GR+B9+geqwU=,Uab7x2YNIXCkMVXKkAaOYIURnZ8=
17,19,/bSAbooI41sNrJn6GR+B9+geqwU=,Uab7x2YNIXCkMVXKkAaOYIURnZ8=
17,18,/bSAbooI41sNrJn6GR+B9+geqwU=,Uab7x2YNIXCkMVXKkAaOYIURnZ8=
17,1,/bSAbooI41sNrJn6GR+B9+geqwU=,FP95IOhEY+U7ny8ZOnUg4uQvtHc=
17,0,/bSAbooI41sNrJn6GR+B9+geqwU=,FP95IOhEY+U7ny8ZOnUg4uQvtHc=
17,3,/bSAbooI41sNrJn6GR+B9+geqwU=,QngscmkgWrKiU2CiFvLIiUY1hTI=
17,2,/bSAbooI41sNrJn6GR+B9+geqwU=,FP95IOhEY+U7ny8ZOnUg4uQvtHc=
17,5,/bSAbooI41sNrJn6GR+B9+geqwU=,0e0fFUqRdpEkwwZSYf3IeSk0J0E=
17,4,/bSAbooI41sNrJn6GR+B9+geqwU=,sHPlMlI76zE4Go61Lex451N1EnQ=
17,7,/bSAbooI41sNrJn6GR+B9+geqwU=,se+U9TwxBlVnuUTxePyIohL/1T4=
17,6,/bSAbooI41sNrJn6GR+B9+geqwU=,K8EYLST7JH2gx6geEewMM/YIuyA=
17,9,/bSAbooI41sNrJn6GR+B9+geqwU=,geASeQeVkkBRXWRXU9Mfd+ZJFeM=
17,8,/bSAbooI41sNrJn6GR+B9+geqwU=,F4yc4L5e6SNvg8mdLYnvwtYUKXA=
17,11,/bSAbooI41sNrJn6GR+B9+geqwU=,TIitwWlwrZG+w5P0H9LXnh3otaI=
17,10,/bSAbooI41sNrJn6GR+B9+geqwU=,IKQee6lf8osFrECpsf2SZnf27lE=
17,13,/bSAbooI41sNrJn6GR+B9+geqwU=,uVuuI3Dife+jvEQAh+IXDHOnAf0=
17,12,/bSAbooI41sNrJn6GR+B9+geqwU=,AObhIQgqdukFaLO3mgOGN3DhmXY=
17,15,/bSAbooI41sNrJn6GR+B9+geqwU=,As1j0YunhBH9prjwHybKtlAWi6E=
17,14,/bSAbooI41sNrJn6GR+B9+geqwU=,tL28ZxJR1KRFlzbCzeUs+BDbsdk=
18,18,/bSAbooI41sNrJn6GR+B9+geqwU=,wzVapAjeWgL+Pj/NamIo0iBwTog=
18,19,/bSAbooI41sNrJn6GR+B9+geqwU=,Uab7x2YNIXCkMVXKkAaOYIURnZ8=
18,16,/bSAbooI41sNrJn6GR+B9+geqwU=,Q6NG2mdJrE+qTiPG9bpcQzV2J+Y=
18,17,/bSAbooI41sNrJn6GR+B9+geqwU=,mIn1/XugSm/NZ0/kAPWd4mbTJQM=
18,2,/bSAbooI41sNrJn6GR+B9+geqwU=,nMRyf9ZitHd1bgNcqEbIXtmatcA=
18,3,/bSAbooI41sNrJn6GR+B9+geqwU=,ig96ZcvY7o3JSNgh5HDlg+ycm94=
18,0,/bSAbooI41sNrJn6GR+B9+geqwU=,FP95IOhEY+U7ny8ZOnUg4uQvtHc=
18,1,/bSAbooI41sNrJn6GR+B9+geqwU=,Lme4eva/QW8oU+hhslBOcc3Iygg=
18,6,/bSAbooI41sNrJn6GR+B9+geqwU=,k6D1hdfUROBJdFlIksKS0PwB7mA=
18,7,/bSAbooI41sNrJn6GR+B9+geqwU=,jRUmpiMqXWU8ynTZZqVNrr8cZNI=
18,4,/bSAbooI41sNrJn6GR+B9+geqwU=,O2CNUM/IPzwKIoxPwpo9Vr1FKUk=
18,5,/bSAbooI41sNrJn6GR+B9+geqwU=,32HTSnGcN4jANxHc0NUuka8Ls+Q=
18,10,/bSAbooI41sNrJn6GR+B9+geqwU=,9q32l+Jx45CcrVQSMgX6nQtDViY=
18,11,/bSAbooI41sNrJn6GR+B9+geqwU=,BoUrlDASEeYc+/UtXja9uyGFMrU=
18,8,/bSAbooI41sNrJn6GR+B9+geqwU=,iBSLgtVSZyVOxyi6CeHDwcGaoOA=
18,9,/bSAbooI41sNrJn6GR+B9+geqwU=,b5bcit1s8YTQQRX7rhya+x2O2zE=
18,14,/bSAbooI41sNrJn6GR+B9+geqwU=,hJGjjeoxrGLWN3D5xzRuHIQCUqI=
18,15,/bSAbooI41sNrJn6GR+B9+geqwU=,As1j0YunhBH9prjwHybKtlAWi6E=
18,12,/bSAbooI41sNrJn6GR+B9+geqwU=,AJWj9w1lX48/NPyKzN7/LE5d+kc=
18,13,/bSAbooI41sNrJn6GR+B9+geqwU=,J3JJGUxuHU8IqdL3REPWORRGqGg=
19,19,/bSAbooI41sNrJn6GR+B9+geqwU=,mIn1/XugSm/NZ0/kAPWd4mbTJQM=
19,18,/bSAbooI41sNrJn6GR+B9+geqwU=,JZFxX/aOsjzxAO11Lo6y7TpMRRo=
19,17,/bSAbooI41sNrJn6GR+B9+geqwU=,KypWI13xUjScdmVZt24rF0+FHWU=
19,16,/bSAbooI41sNrJn6GR+B9+geqwU=,aSS6pV+DLisih//ZLH2XgtrCKc4=
19,3,/bSAbooI41sNrJn6GR+B9+geqwU=,Puv0dg796DwYwnnJkS5nu1uK2LU=
19,2,/bSAbooI41sNrJn6GR+B9+geqwU=,Puv0dg796DwYwnnJkS5nu1uK2LU=
19,1,/bSAbooI41sNrJn6GR+B9+geqwU=,Puv0dg796DwYwnnJkS5nu1uK2LU=
19,0,/bSAbooI41sNrJn6GR+B9+geqwU=,Lme4eva/QW8oU+hhslBOcc3Iygg=
19,7,/bSAbooI41sNrJn6GR+B9+geqwU=,FP95IOhEY+U7ny8ZOnUg4uQvtHc=
19,6,/bSAbooI41sNrJn6GR+B9+geqwU=,8m8wMdP8s0p+KTNovitb50IDHeg=
19,5,/bSAbooI41sNrJn6GR+B9+geqwU=,qKeBVvIMsYutXf+z4yGYFH4Hgi4=
19,4,/bSAbooI41sNrJn6GR+B9+geqwU=,7DrU3W+1ZyOEoops7MtejYmPPZ0=
19,11,/bSAbooI41sNrJn6GR+B9+geqwU=,J3JJGUxuHU8IqdL3REPWORRGqGg=
19,10,Tr1OHvffn2J5f+VZCs6kk45Bd+w=,dcXnbzzGH3kvQQae+tmRaKcWwZw=
19,9,Tr1OHvffn2J5f+VZCs6kk45Bd+w=,b5bcit1s8YTQQRX7rhya+x2O2zE=
19,8,Tr1OHvffn2J5f+VZCs6kk45Bd+w=,iBSLgtVSZyVOxyi6CeHDwcGaoOA=
19,15,Tr1OHvffn2J5f+VZCs6kk45Bd+w=,As1j0YunhBH9prjwHybKtlAWi6E=
19,14,Tr1OHvffn2J5f+VZCs6kk45Bd+w=,hJGjjeoxrGLWN3D5xzRuHIQCUqI=
19,13,Tr1OHvffn2J5f+VZCs6kk45Bd+w=,J3JJGUxuHU8IqdL3REPWORRGqGg=
19,12,Tr1OHvffn2J5f+VZCs6kk45Bd+w=,J3JJGUxuHU8IqdL3REPWORRGqGg=
